train_r2,train_rmse,train_nrmse,train_mae,train_mare,test_r2,test_rmse,test_nrmse,test_mae,test_mare,Epoch,batch_size,learning_rate,hidden_dim,layer_num,hidden_dim_fc1,hidden_dim_fc2,lam_ec,method,exper,lake_id,iter_seed,ps,seed
0.9894379,0.5307704,0.02704047,0.39770126,0.039264422,0.968354,0.891449,0.04604576,0.7015489,0.07407758,200.0,128.0,0.005,48.0,2.0,32.0,12.0,0.001,trans_PIDL,exper1,WindermereSouthBasin,11,2,100
0.98389965,0.6553124,0.03338535,0.48432377,0.047213685,0.9692318,0.87899864,0.04540267,0.6852592,0.06529121,200.0,128.0,0.005,48.0,2.0,32.0,12.0,0.001,trans_PIDL,exper1,WindermereSouthBasin,22,2,100
0.9905692,0.50154084,0.025551349,0.38165012,0.040031247,0.97504896,0.79155535,0.040885985,0.63974065,0.07320082,200.0,128.0,0.005,48.0,2.0,32.0,12.0,0.001,trans_PIDL,exper1,WindermereSouthBasin,33,2,100
0.985234,0.6275696,0.031971972,0.48294577,0.051175673,0.95716953,1.0370831,0.053568162,0.8481915,0.09063458,200.0,128.0,0.005,48.0,2.0,32.0,12.0,0.1,trans_PIDL,exper1,WindermereSouthBasin,44,2,100
0.9904954,0.5034983,0.025651073,0.38198262,0.04009063,0.9718662,0.84052604,0.043415453,0.6328857,0.06205597,200.0,128.0,0.005,48.0,2.0,32.0,12.0,0.001,trans_PIDL,exper1,WindermereSouthBasin,66,2,100
0.99401426,0.39956623,0.020356182,0.3076824,0.03255843,0.9838288,0.6372481,0.032915596,0.509894,0.055235974,200.0,128.0,0.005,48.0,2.0,32.0,12.0,0.01,trans_PIDL,exper1,WindermereSouthBasin,11,4,100
0.9920183,0.46140188,0.023506442,0.34096384,0.036527563,0.9807812,0.69470423,0.035883363,0.55047023,0.05949074,200.0,128.0,0.005,48.0,2.0,32.0,12.0,0.001,trans_PIDL,exper1,WindermereSouthBasin,22,4,100
0.99188423,0.4652606,0.023703026,0.34864274,0.03971992,0.9745735,0.79906154,0.041273702,0.6251793,0.06520749,200.0,128.0,0.005,48.0,2.0,32.0,12.0,0.001,trans_PIDL,exper1,WindermereSouthBasin,33,4,100
0.99448067,0.3836847,0.019547084,0.27468112,0.029700842,0.97349286,0.8158651,0.04214165,0.6367902,0.06555542,200.0,128.0,0.005,48.0,2.0,32.0,12.0,0.01,trans_PIDL,exper1,WindermereSouthBasin,44,4,100
0.9916778,0.4711391,0.024002511,0.36459282,0.041992705,0.97638077,0.77014023,0.039779834,0.6263264,0.068833545,200.0,128.0,0.005,48.0,2.0,32.0,12.0,0.01,trans_PIDL,exper1,WindermereSouthBasin,66,4,100
0.9918696,0.4656791,0.023724347,0.36350477,0.038557667,0.97896254,0.726831,0.037542798,0.55904174,0.06200686,200.0,128.0,0.005,48.0,2.0,32.0,12.0,0.01,trans_PIDL,exper1,WindermereSouthBasin,11,6,100
0.99133885,0.48063824,0.02448645,0.36016715,0.03747402,0.9716861,0.84321165,0.043554172,0.6627245,0.070302114,200.0,128.0,0.005,48.0,2.0,32.0,12.0,0.01,trans_PIDL,exper1,WindermereSouthBasin,22,6,100
0.9895242,0.52859783,0.026929786,0.39267525,0.044859517,0.97938836,0.71943814,0.037160937,0.5333341,0.058605794,200.0,128.0,0.005,48.0,2.0,32.0,12.0,0.01,trans_PIDL,exper1,WindermereSouthBasin,33,6,100
0.99374163,0.4085655,0.020814655,0.29560027,0.030620685,0.9782611,0.73884875,0.038163546,0.5508892,0.05162221,200.0,128.0,0.005,48.0,2.0,32.0,12.0,0.01,trans_PIDL,exper1,WindermereSouthBasin,44,6,100
0.98782635,0.5698246,0.02903011,0.41268724,0.04118776,0.9765778,0.7669206,0.039613534,0.5893193,0.055134915,200.0,128.0,0.005,48.0,2.0,32.0,12.0,0.01,trans_PIDL,exper1,WindermereSouthBasin,66,6,100
0.9940641,0.39789975,0.02027128,0.2908072,0.031069862,0.9806095,0.6978018,0.03604336,0.5530118,0.05550948,200.0,128.0,0.005,48.0,2.0,32.0,12.0,0.001,trans_PIDL,exper1,WindermereSouthBasin,11,8,100
0.9923855,0.4506624,0.02295931,0.31023586,0.03334792,0.98312926,0.6508842,0.03361994,0.48962495,0.052432243,200.0,128.0,0.005,48.0,2.0,32.0,12.0,0.01,trans_PIDL,exper1,WindermereSouthBasin,22,8,100
0.9932071,0.4256562,0.021685353,0.3023637,0.030410612,0.98589045,0.59524226,0.03074588,0.4703031,0.04836351,200.0,128.0,0.005,48.0,2.0,32.0,12.0,0.01,trans_PIDL,exper1,WindermereSouthBasin,33,8,100
0.9923991,0.45025992,0.022938807,0.3389874,0.033765897,0.97429544,0.8034195,0.0414988,0.63036644,0.06826237,200.0,128.0,0.005,48.0,2.0,32.0,12.0,0.001,trans_PIDL,exper1,WindermereSouthBasin,44,8,100
0.99227273,0.4539871,0.02312869,0.32896906,0.03503652,0.9849245,0.6152796,0.031780865,0.48333177,0.05245588,200.0,128.0,0.005,48.0,2.0,32.0,12.0,0.001,trans_PIDL,exper1,WindermereSouthBasin,66,8,100
0.9929421,0.43388015,0.022104328,0.28264385,0.029985143,0.98341095,0.6454276,0.03333809,0.49334595,0.055097383,200.0,128.0,0.005,48.0,2.0,32.0,12.0,0.001,trans_PIDL,exper1,WindermereSouthBasin,11,10,100
0.9922182,0.45558682,0.023210188,0.3350649,0.034745835,0.98083717,0.69369245,0.0358311,0.5415361,0.060836717,200.0,128.0,0.005,48.0,2.0,32.0,12.0,0.001,trans_PIDL,exper1,WindermereSouthBasin,22,10,100
0.9936908,0.41022238,0.020899067,0.3082243,0.032195736,0.9824108,0.6645996,0.034328375,0.51580155,0.053906783,200.0,128.0,0.005,48.0,2.0,32.0,12.0,0.01,trans_PIDL,exper1,WindermereSouthBasin,33,10,100
0.99087954,0.493218,0.025127336,0.35497063,0.036493327,0.9782297,0.7393829,0.038191136,0.5817016,0.060823534,200.0,128.0,0.005,48.0,2.0,32.0,12.0,0.001,trans_PIDL,exper1,WindermereSouthBasin,44,10,100
0.9932984,0.4227859,0.021539124,0.30678886,0.034047026,0.97347873,0.816083,0.042152904,0.6236984,0.064723045,200.0,128.0,0.005,48.0,2.0,32.0,12.0,0.01,trans_PIDL,exper1,WindermereSouthBasin,66,10,100
0.9955141,0.3459039,0.017622316,0.26239535,0.027284509,0.97816324,0.7405099,0.03824935,0.5492791,0.05338191,200.0,128.0,0.005,48.0,2.0,32.0,12.0,0.01,trans_PIDL,exper1,WindermereSouthBasin,11,12,100
0.9924478,0.4488151,0.0228652,0.33420464,0.035185315,0.9725277,0.8305863,0.04290204,0.6420423,0.07306727,200.0,128.0,0.005,48.0,2.0,32.0,12.0,0.001,trans_PIDL,exper1,WindermereSouthBasin,22,12,100
0.99508196,0.36218318,0.018451676,0.26295266,0.028688807,0.98522556,0.6091061,0.031461988,0.46845347,0.051311184,200.0,128.0,0.005,48.0,2.0,32.0,12.0,0.01,trans_PIDL,exper1,WindermereSouthBasin,33,12,100
0.98945826,0.53025836,0.027014382,0.39223737,0.042207718,0.9772012,0.75664634,0.03908284,0.5982997,0.060914297,200.0,128.0,0.005,48.0,2.0,32.0,12.0,0.001,trans_PIDL,exper1,WindermereSouthBasin,44,12,100
0.99254334,0.44596684,0.022720093,0.3261714,0.035214543,0.97911245,0.72423756,0.03740884,0.56771123,0.059594512,200.0,128.0,0.005,48.0,2.0,32.0,12.0,0.001,trans_PIDL,exper1,WindermereSouthBasin,66,12,100
0.9937566,0.40807647,0.02078974,0.29756027,0.033826254,0.98829144,0.54223627,0.028007977,0.41679907,0.044375315,200.0,128.0,0.005,48.0,2.0,32.0,12.0,0.01,trans_PIDL,exper1,WindermereSouthBasin,11,14,100
0.9948906,0.36916298,0.018807266,0.26580167,0.028037613,0.984893,0.6159219,0.031814042,0.4632175,0.0523789,200.0,128.0,0.005,48.0,2.0,32.0,12.0,0.001,trans_PIDL,exper1,WindermereSouthBasin,22,14,100
0.9905761,0.50135654,0.02554196,0.33604267,0.03540585,0.97837603,0.73689365,0.03806256,0.56663424,0.056945134,200.0,128.0,0.005,48.0,2.0,32.0,12.0,0.01,trans_PIDL,exper1,WindermereSouthBasin,33,14,100
0.99579334,0.3349663,0.017065093,0.24253473,0.025590742,0.9852144,0.60933566,0.03147384,0.4713941,0.04734662,200.0,128.0,0.005,48.0,2.0,32.0,12.0,0.01,trans_PIDL,exper1,WindermereSouthBasin,44,14,100
0.99403787,0.39877874,0.020316062,0.30804366,0.03272483,0.9799474,0.7096144,0.03665351,0.5516603,0.05577245,200.0,128.0,0.005,48.0,2.0,32.0,12.0,0.01,trans_PIDL,exper1,WindermereSouthBasin,66,14,100
0.9931301,0.42806208,0.021807922,0.30458903,0.03195438,0.98045534,0.7005688,0.03618628,0.5540457,0.058378506,200.0,128.0,0.005,48.0,2.0,32.0,12.0,0.001,trans_PIDL,exper1,WindermereSouthBasin,11,16,100
0.99364644,0.41166028,0.02097232,0.29122806,0.03306433,0.98028535,0.7036095,0.036343344,0.5567997,0.060990248,200.0,128.0,0.005,48.0,2.0,32.0,12.0,0.01,trans_PIDL,exper1,WindermereSouthBasin,22,16,100
0.9931157,0.42850912,0.021830697,0.30851495,0.032452893,0.9790817,0.7247705,0.037436366,0.567945,0.06102016,200.0,128.0,0.005,48.0,2.0,32.0,12.0,0.01,trans_PIDL,exper1,WindermereSouthBasin,33,16,100
0.99604493,0.32479453,0.016546885,0.23764445,0.0269245,0.973905,0.8094975,0.041812744,0.60450715,0.072242305,200.0,128.0,0.005,48.0,2.0,32.0,12.0,0.01,trans_PIDL,exper1,WindermereSouthBasin,44,16,100
0.9958442,0.33293566,0.01696164,0.22001857,0.023271453,0.98576283,0.59792745,0.030884579,0.43208146,0.0451995,200.0,128.0,0.005,48.0,2.0,32.0,12.0,0.001,trans_PIDL,exper1,WindermereSouthBasin,66,16,100
0.99485534,0.37043294,0.018871965,0.2695369,0.028198482,0.9821573,0.6693715,0.034574855,0.5017323,0.05469053,200.0,128.0,0.005,48.0,2.0,32.0,12.0,0.01,trans_PIDL,exper1,WindermereSouthBasin,11,18,100
0.99364424,0.4117319,0.02097597,0.309004,0.032768995,0.9797436,0.7132116,0.036839318,0.5669983,0.060133155,200.0,128.0,0.005,48.0,2.0,32.0,12.0,0.01,trans_PIDL,exper1,WindermereSouthBasin,22,18,100
0.9933931,0.41978636,0.02138631,0.29812768,0.030004263,0.9817418,0.67712057,0.03497512,0.536609,0.057213753,200.0,128.0,0.005,48.0,2.0,32.0,12.0,0.01,trans_PIDL,exper1,WindermereSouthBasin,33,18,100
0.993706,0.4097266,0.020873807,0.30854812,0.03288223,0.9810131,0.6905004,0.03566622,0.546778,0.06113108,200.0,128.0,0.005,48.0,2.0,32.0,12.0,0.001,trans_PIDL,exper1,WindermereSouthBasin,44,18,100
0.9940785,0.39741775,0.020246726,0.2715091,0.029062316,0.98034745,0.7025,0.036286034,0.5735053,0.06514123,200.0,128.0,0.005,48.0,2.0,32.0,12.0,0.001,trans_PIDL,exper1,WindermereSouthBasin,66,18,100
0.9930143,0.43165433,0.021990933,0.30638322,0.034920413,0.98079944,0.69437486,0.03586635,0.5410466,0.05911182,200.0,128.0,0.005,48.0,2.0,32.0,12.0,0.001,trans_PIDL,exper1,WindermereSouthBasin,11,20,100
0.99359214,0.41341552,0.021061743,0.309018,0.03235572,0.98567134,0.59984565,0.030983659,0.4679291,0.045649473,200.0,128.0,0.005,48.0,2.0,32.0,12.0,0.001,trans_PIDL,exper1,WindermereSouthBasin,22,20,100
0.99071056,0.49776605,0.02535904,0.35764086,0.038231958,0.97428715,0.8035485,0.041505463,0.6322907,0.072139226,200.0,128.0,0.005,48.0,2.0,32.0,12.0,0.01,trans_PIDL,exper1,WindermereSouthBasin,33,20,100
0.99550897,0.3461026,0.017632438,0.24987544,0.026094113,0.9837829,0.6381513,0.032962248,0.5124175,0.055732515,200.0,128.0,0.005,48.0,2.0,32.0,12.0,0.01,trans_PIDL,exper1,WindermereSouthBasin,44,20,100
0.99431217,0.38949686,0.01984319,0.2752844,0.02814754,0.98742414,0.5619613,0.029026829,0.44768414,0.048386123,200.0,128.0,0.005,48.0,2.0,32.0,12.0,0.01,trans_PIDL,exper1,WindermereSouthBasin,66,20,100
0.9959166,0.33002195,0.016813198,0.21124157,0.02137415,0.9875564,0.5589974,0.028873734,0.42942372,0.04457151,200.0,128.0,0.005,48.0,2.0,32.0,12.0,0.001,trans_PIDL,exper1,WindermereSouthBasin,11,22,100
0.9941703,0.39432478,0.020089151,0.29536518,0.03100582,0.9826353,0.66034406,0.034108564,0.52164847,0.056381628,200.0,128.0,0.005,48.0,2.0,32.0,12.0,0.01,trans_PIDL,exper1,WindermereSouthBasin,22,22,100
0.9961451,0.32065377,0.01633593,0.22911015,0.024110198,0.9861038,0.59072524,0.030512564,0.45581752,0.052521463,200.0,128.0,0.005,48.0,2.0,32.0,12.0,0.01,trans_PIDL,exper1,WindermereSouthBasin,33,22,100
0.9941981,0.39338398,0.020041222,0.26507622,0.027998066,0.9852826,0.6079288,0.031401176,0.49371642,0.05450425,200.0,128.0,0.005,48.0,2.0,32.0,12.0,0.01,trans_PIDL,exper1,WindermereSouthBasin,44,22,100
0.99652064,0.3046357,0.015519879,0.21571791,0.023835655,0.9824309,0.6642201,0.034308773,0.4991531,0.059569597,200.0,128.0,0.005,48.0,2.0,32.0,12.0,0.001,trans_PIDL,exper1,WindermereSouthBasin,66,22,100
0.9959982,0.3267061,0.016644271,0.23854597,0.02423831,0.9899719,0.50181824,0.025920276,0.38909683,0.042442117,200.0,128.0,0.005,48.0,2.0,32.0,12.0,0.001,trans_PIDL,exper1,WindermereSouthBasin,11,24,100
0.99538565,0.3508221,0.017872877,0.26228335,0.030093938,0.98053914,0.69906545,0.03610863,0.5297381,0.061054185,200.0,128.0,0.005,48.0,2.0,32.0,12.0,0.01,trans_PIDL,exper1,WindermereSouthBasin,22,24,100
0.99447745,0.38379562,0.019552736,0.28603137,0.029020498,0.98001236,0.7084641,0.036594097,0.54650813,0.061454423,200.0,128.0,0.005,48.0,2.0,32.0,12.0,0.01,trans_PIDL,exper1,WindermereSouthBasin,33,24,100
0.9940706,0.3976826,0.020260219,0.28288677,0.03076348,0.9836818,0.6401377,0.03306485,0.5136244,0.055801783,200.0,128.0,0.005,48.0,2.0,32.0,12.0,0.01,trans_PIDL,exper1,WindermereSouthBasin,44,24,100
0.99465704,0.377504,0.019232204,0.25350183,0.028041847,0.98095345,0.6915846,0.035722222,0.5251378,0.057304405,200.0,128.0,0.005,48.0,2.0,32.0,12.0,0.01,trans_PIDL,exper1,WindermereSouthBasin,66,24,100
0.99500537,0.36499178,0.018594762,0.26041058,0.02725449,0.98250735,0.6627729,0.03423402,0.50054145,0.051883146,200.0,128.0,0.005,48.0,2.0,32.0,12.0,0.001,trans_PIDL,exper1,WindermereSouthBasin,11,26,100
0.9943381,0.38860777,0.019797895,0.27576852,0.030704312,0.980019,0.70834714,0.036588054,0.5665488,0.060649615,200.0,128.0,0.005,48.0,2.0,32.0,12.0,0.001,trans_PIDL,exper1,WindermereSouthBasin,22,26,100
0.9952401,0.3563108,0.018152503,0.24225734,0.0250801,0.98723674,0.56613165,0.029242238,0.43715927,0.04793238,200.0,128.0,0.005,48.0,2.0,32.0,12.0,0.001,trans_PIDL,exper1,WindermereSouthBasin,33,26,100
0.9942474,0.39170963,0.01995592,0.287592,0.031597365,0.98250395,0.6628371,0.034237336,0.5112675,0.051456314,200.0,128.0,0.005,48.0,2.0,32.0,12.0,0.01,trans_PIDL,exper1,WindermereSouthBasin,44,26,100
0.9944592,0.38442865,0.019584987,0.2673063,0.02967095,0.97697246,0.7604331,0.039278436,0.57936525,0.06982385,200.0,128.0,0.005,48.0,2.0,32.0,12.0,0.001,trans_PIDL,exper1,WindermereSouthBasin,66,26,100
0.99558926,0.34299502,0.01747412,0.23287468,0.024432145,0.980711,0.6959719,0.03594884,0.5332339,0.05837547,200.0,128.0,0.005,48.0,2.0,32.0,12.0,0.001,trans_PIDL,exper1,WindermereSouthBasin,11,28,100
0.9948532,0.37050965,0.018875873,0.2781905,0.029476104,0.98726857,0.56542593,0.029205786,0.44221446,0.049703214,200.0,128.0,0.005,48.0,2.0,32.0,12.0,0.001,trans_PIDL,exper1,WindermereSouthBasin,22,28,100
0.99475706,0.373954,0.019051349,0.26694652,0.028798353,0.9801139,0.7066615,0.036500987,0.58056915,0.064039804,200.0,128.0,0.005,48.0,2.0,32.0,12.0,0.001,trans_PIDL,exper1,WindermereSouthBasin,33,28,100
0.9959642,0.32809094,0.016714823,0.22703329,0.023358526,0.9868685,0.57424134,0.029661126,0.42268085,0.043663803,200.0,128.0,0.005,48.0,2.0,32.0,12.0,0.001,trans_PIDL,exper1,WindermereSouthBasin,44,28,100
0.9953451,0.35235816,0.017951133,0.24812852,0.026740395,0.979866,0.71105224,0.036727782,0.5555031,0.06093768,200.0,128.0,0.005,48.0,2.0,32.0,12.0,0.001,trans_PIDL,exper1,WindermereSouthBasin,66,28,100
0.99520355,0.3576767,0.01822209,0.25578636,0.026202241,0.98003596,0.708046,0.0365725,0.55874294,0.053537335,200.0,128.0,0.005,48.0,2.0,32.0,12.0,0.01,trans_PIDL,exper1,WindermereSouthBasin,11,30,100
0.99643093,0.30853835,0.015718702,0.22536154,0.023861164,0.98520184,0.60959494,0.031487234,0.4812991,0.052826058,200.0,128.0,0.005,48.0,2.0,32.0,12.0,0.01,trans_PIDL,exper1,WindermereSouthBasin,22,30,100
0.99627465,0.31522176,0.016059194,0.23539658,0.024803497,0.9869676,0.57206976,0.029548958,0.43546924,0.047909435,200.0,128.0,0.005,48.0,2.0,32.0,12.0,0.001,trans_PIDL,exper1,WindermereSouthBasin,33,30,100
0.996356,0.31175834,0.015882747,0.2187909,0.023537247,0.98269767,0.65915823,0.034047313,0.5217555,0.05865411,200.0,128.0,0.005,48.0,2.0,32.0,12.0,0.01,trans_PIDL,exper1,WindermereSouthBasin,44,30,100
0.9955613,0.3440803,0.017529411,0.22846057,0.024831777,0.98065364,0.6970063,0.03600227,0.5191158,0.059650093,200.0,128.0,0.005,48.0,2.0,32.0,12.0,0.01,trans_PIDL,exper1,WindermereSouthBasin,66,30,100
0.9961728,0.31949997,0.01627715,0.22057691,0.023295498,0.9787846,0.7298986,0.037701245,0.5836793,0.06314549,200.0,128.0,0.005,48.0,2.0,32.0,12.0,0.01,trans_PIDL,exper1,WindermereSouthBasin,11,32,100
0.9954439,0.34859985,0.017759664,0.25765628,0.028036758,0.9843859,0.62617475,0.032343626,0.48228794,0.057119444,200.0,128.0,0.005,48.0,2.0,32.0,12.0,0.001,trans_PIDL,exper1,WindermereSouthBasin,22,32,100
0.99354905,0.4148049,0.021132527,0.2839399,0.028150484,0.9800805,0.7072555,0.03653167,0.5481997,0.05604648,200.0,128.0,0.005,48.0,2.0,32.0,12.0,0.01,trans_PIDL,exper1,WindermereSouthBasin,33,32,100
0.9947416,0.37450528,0.019079434,0.26896963,0.02859585,0.9722116,0.8353507,0.043148134,0.65289456,0.06697231,200.0,128.0,0.005,48.0,2.0,32.0,12.0,0.01,trans_PIDL,exper1,WindermereSouthBasin,44,32,100
0.9953016,0.35400152,0.018034855,0.25493512,0.027656386,0.97893894,0.7272386,0.03756385,0.573706,0.06539588,200.0,128.0,0.005,48.0,2.0,32.0,12.0,0.001,trans_PIDL,exper1,WindermereSouthBasin,66,32,100
0.99562967,0.34141877,0.017393818,0.24249366,0.025384149,0.9821158,0.6701496,0.03461505,0.5345034,0.06036689,200.0,128.0,0.005,48.0,2.0,32.0,12.0,0.01,trans_PIDL,exper1,WindermereSouthBasin,11,34,100
0.99682724,0.2909033,0.014820272,0.20504582,0.022023553,0.9865909,0.58027893,0.029972984,0.45122373,0.048328836,200.0,128.0,0.005,48.0,2.0,32.0,12.0,0.01,trans_PIDL,exper1,WindermereSouthBasin,22,34,100
0.9956114,0.3421308,0.017430093,0.22700588,0.024144216,0.9814097,0.68324995,0.035291716,0.4966993,0.047119506,200.0,128.0,0.005,48.0,2.0,32.0,12.0,0.001,trans_PIDL,exper1,WindermereSouthBasin,33,34,100
0.9968629,0.2892652,0.014736817,0.20261174,0.021071447,0.9834386,0.6448901,0.033310328,0.48797366,0.051069435,200.0,128.0,0.005,48.0,2.0,32.0,12.0,0.001,trans_PIDL,exper1,WindermereSouthBasin,44,34,100
0.9967418,0.29479638,0.0150186075,0.20746736,0.021766942,0.97598916,0.776499,0.040108282,0.6046005,0.07195706,200.0,128.0,0.005,48.0,2.0,32.0,12.0,0.001,trans_PIDL,exper1,WindermereSouthBasin,66,34,100
0.9955477,0.34460592,0.01755619,0.22388002,0.023231944,0.9832773,0.64802194,0.033472095,0.49832118,0.05489847,200.0,128.0,0.005,48.0,2.0,32.0,12.0,0.01,trans_PIDL,exper1,WindermereSouthBasin,11,36,100
0.99447507,0.38387945,0.019557007,0.26613843,0.027422162,0.98347425,0.6441954,0.033274442,0.48027918,0.05373563,200.0,128.0,0.005,48.0,2.0,32.0,12.0,0.001,trans_PIDL,exper1,WindermereSouthBasin,22,36,100
0.99648476,0.30620342,0.015599747,0.23053063,0.026626328,0.9815468,0.6807269,0.035161395,0.5209714,0.05715021,200.0,128.0,0.005,48.0,2.0,32.0,12.0,0.001,trans_PIDL,exper1,WindermereSouthBasin,33,36,100
0.99488866,0.369231,0.01881073,0.27015078,0.027464611,0.9697152,0.8720665,0.045044605,0.6614899,0.066545844,200.0,128.0,0.005,48.0,2.0,32.0,12.0,0.001,trans_PIDL,exper1,WindermereSouthBasin,44,36,100
0.9945215,0.38226324,0.019474668,0.27575743,0.030036172,0.9870823,0.5695468,0.029418642,0.42126432,0.04735622,200.0,128.0,0.005,48.0,2.0,32.0,12.0,0.01,trans_PIDL,exper1,WindermereSouthBasin,66,36,100
0.99495775,0.36672658,0.018683141,0.24456605,0.026396845,0.98426294,0.62863564,0.03247074,0.48662117,0.05519134,200.0,128.0,0.005,48.0,2.0,32.0,12.0,0.001,trans_PIDL,exper1,WindermereSouthBasin,11,38,100
0.99610406,0.3223566,0.016422683,0.24003465,0.025354644,0.98236924,0.665384,0.03436889,0.5236162,0.057628237,200.0,128.0,0.005,48.0,2.0,32.0,12.0,0.01,trans_PIDL,exper1,WindermereSouthBasin,22,38,100
0.99477196,0.37342364,0.019024327,0.24718948,0.02803862,0.9865625,0.58089274,0.03000469,0.44495982,0.044541925,200.0,128.0,0.005,48.0,2.0,32.0,12.0,0.001,trans_PIDL,exper1,WindermereSouthBasin,33,38,100
0.99553335,0.34516144,0.017584492,0.22828855,0.02510121,0.98044026,0.7008396,0.03620027,0.5205494,0.055148907,200.0,128.0,0.005,48.0,2.0,32.0,12.0,0.01,trans_PIDL,exper1,WindermereSouthBasin,44,38,100
0.99575704,0.33640796,0.017138539,0.24237947,0.025942294,0.9741892,0.80507684,0.041584406,0.621667,0.0654398,200.0,128.0,0.005,48.0,2.0,32.0,12.0,0.001,trans_PIDL,exper1,WindermereSouthBasin,66,38,100
0.9971352,0.2764254,0.014082685,0.20042765,0.02135629,0.98319495,0.6496163,0.033554446,0.5098526,0.053729944,200.0,128.0,0.005,48.0,2.0,32.0,12.0,0.01,trans_PIDL,exper1,WindermereSouthBasin,0,40,100
0.9910123,0.40739074,0.02110833,0.294367,0.028549038,0.9714544,0.6691035,0.038371008,0.49199748,0.046519816,200.0,128.0,0.005,48.0,2.0,32.0,12.0,0.01,trans_PIDL,exper1,Feeagh,11,2,100
0.9906373,0.41580242,0.021544168,0.29843438,0.029571192,0.9663589,0.7263713,0.041655134,0.53145,0.052448064,200.0,128.0,0.005,48.0,2.0,32.0,12.0,0.01,trans_PIDL,exper1,Feeagh,22,2,100
0.9791541,0.6204354,0.032146916,0.4696342,0.044682745,0.954878,0.8412362,0.048242282,0.6229989,0.05928591,200.0,128.0,0.005,48.0,2.0,32.0,12.0,0.01,trans_PIDL,exper1,Feeagh,33,2,100
0.9789109,0.6240439,0.03233388,0.4656126,0.046614654,0.9608708,0.78338283,0.044924572,0.60021096,0.05756832,200.0,128.0,0.005,48.0,2.0,32.0,12.0,0.001,trans_PIDL,exper1,Feeagh,44,2,100
0.97855866,0.6292345,0.032602824,0.4756,0.048682205,0.9661397,0.7287346,0.041790664,0.5621987,0.05590327,200.0,128.0,0.005,48.0,2.0,32.0,12.0,0.01,trans_PIDL,exper1,Feeagh,66,2,100
0.9910877,0.40567824,0.021019598,0.29280335,0.028901894,0.9753058,0.62233025,0.035688706,0.46514815,0.044245902,200.0,128.0,0.005,48.0,2.0,32.0,12.0,0.001,trans_PIDL,exper1,Feeagh,11,4,100
0.9841325,0.54130334,0.028046805,0.41951945,0.045770716,0.96949327,0.6917062,0.0396672,0.54443187,0.05466383,200.0,128.0,0.005,48.0,2.0,32.0,12.0,0.001,trans_PIDL,exper1,Feeagh,22,4,100
0.98537844,0.5196174,0.026923181,0.3924825,0.040716074,0.96720135,0.7172188,0.04113027,0.5132091,0.049543776,200.0,128.0,0.005,48.0,2.0,32.0,12.0,0.01,trans_PIDL,exper1,Feeagh,33,4,100
0.9862395,0.50408494,0.026118392,0.3635298,0.035397146,0.9525815,0.86237746,0.049454667,0.6500384,0.069403686,200.0,128.0,0.005,48.0,2.0,32.0,12.0,0.001,trans_PIDL,exper1,Feeagh,44,4,100
0.98829395,0.46493468,0.02408988,0.34672883,0.034767836,0.9757249,0.61702746,0.035384607,0.45261347,0.04290577,200.0,128.0,0.005,48.0,2.0,32.0,12.0,0.01,trans_PIDL,exper1,Feeagh,66,4,100
0.98804486,0.4698552,0.02434483,0.34385532,0.03526178,0.9644566,0.74662584,0.042816672,0.571339,0.0638758,200.0,128.0,0.005,48.0,2.0,32.0,12.0,0.001,trans_PIDL,exper1,Feeagh,11,6,100
0.9858708,0.51079404,0.026466014,0.37476078,0.036543336,0.96728307,0.7163244,0.041078977,0.5176166,0.048375547,200.0,128.0,0.005,48.0,2.0,32.0,12.0,0.01,trans_PIDL,exper1,Feeagh,22,6,100
0.9837738,0.54738724,0.028362034,0.41257203,0.042097013,0.9728071,0.65305763,0.037450828,0.48842576,0.047587138,200.0,128.0,0.005,48.0,2.0,32.0,12.0,0.01,trans_PIDL,exper1,Feeagh,33,6,100
0.98623776,0.504117,0.026120054,0.37541634,0.036928937,0.95992017,0.7928416,0.045467004,0.61759764,0.061089747,200.0,128.0,0.005,48.0,2.0,32.0,12.0,0.001,trans_PIDL,exper1,Feeagh,44,6,100
0.988081,0.46914443,0.024308003,0.33529818,0.033078305,0.9756006,0.61860466,0.035475057,0.48218262,0.0457584,200.0,128.0,0.005,48.0,2.0,32.0,12.0,0.01,trans_PIDL,exper1,Feeagh,66,6,100
0.9896827,0.43648624,0.022615869,0.32164675,0.032214366,0.97984385,0.5622472,0.03224313,0.41406915,0.04130095,200.0,128.0,0.005,48.0,2.0,32.0,12.0,0.01,trans_PIDL,exper1,Feeagh,11,8,100
0.98563516,0.5150356,0.026685786,0.38186994,0.037067175,0.95665276,0.82452613,0.04728401,0.6106268,0.059285272,200.0,128.0,0.005,48.0,2.0,32.0,12.0,0.01,trans_PIDL,exper1,Feeagh,22,8,100
0.9870387,0.48922828,0.025348617,0.365802,0.036471564,0.9754878,0.62003225,0.035556924,0.47675115,0.04631,200.0,128.0,0.005,48.0,2.0,32.0,12.0,0.001,trans_PIDL,exper1,Feeagh,33,8,100
0.9858608,0.5109738,0.026475329,0.38370863,0.038913283,0.9587994,0.80385065,0.046098337,0.6037674,0.06444662,200.0,128.0,0.005,48.0,2.0,32.0,12.0,0.001,trans_PIDL,exper1,Feeagh,44,8,100
0.98747253,0.4809701,0.024920732,0.3499524,0.03590782,0.97646755,0.6075152,0.03483911,0.46534175,0.044439636,200.0,128.0,0.005,48.0,2.0,32.0,12.0,0.01,trans_PIDL,exper1,Feeagh,66,8,100
0.98944783,0.44142607,0.022871818,0.33159608,0.03441676,0.9798301,0.56243944,0.032254156,0.43733552,0.044270754,200.0,128.0,0.005,48.0,2.0,32.0,12.0,0.01,trans_PIDL,exper1,Feeagh,11,10,100
0.9894114,0.44218615,0.0229112,0.32312763,0.031532392,0.97029823,0.68251896,0.03914034,0.5310074,0.054129004,200.0,128.0,0.005,48.0,2.0,32.0,12.0,0.001,trans_PIDL,exper1,Feeagh,22,10,100
0.986744,0.49475837,0.02563515,0.368126,0.038928412,0.9569902,0.8213107,0.047099616,0.5956942,0.06692153,200.0,128.0,0.005,48.0,2.0,32.0,12.0,0.001,trans_PIDL,exper1,Feeagh,33,10,100
0.9919685,0.3851103,0.019953901,0.27121684,0.02652969,0.977158,0.5985362,0.03432419,0.45403114,0.045921504,200.0,128.0,0.005,48.0,2.0,32.0,12.0,0.01,trans_PIDL,exper1,Feeagh,44,10,100
0.98672795,0.49505702,0.025650624,0.35367513,0.03352507,0.9781058,0.5859875,0.033604562,0.45089522,0.044139907,200.0,128.0,0.005,48.0,2.0,32.0,12.0,0.001,trans_PIDL,exper1,Feeagh,66,10,100
0.9886046,0.45872352,0.023768058,0.3375467,0.03154465,0.9658937,0.7313763,0.041942157,0.57730603,0.057342645,200.0,128.0,0.005,48.0,2.0,32.0,12.0,0.001,trans_PIDL,exper1,Feeagh,11,12,100
0.98631406,0.50271785,0.026047558,0.35475063,0.035805985,0.97097063,0.67474896,0.038694754,0.5288896,0.05447169,200.0,128.0,0.005,48.0,2.0,32.0,12.0,0.001,trans_PIDL,exper1,Feeagh,22,12,100
0.990946,0.4088906,0.021186043,0.29997084,0.029516721,0.9761333,0.6118147,0.03508567,0.48036027,0.049757596,200.0,128.0,0.005,48.0,2.0,32.0,12.0,0.001,trans_PIDL,exper1,Feeagh,33,12,100
0.98936534,0.44314826,0.02296105,0.32188046,0.033294268,0.9768714,0.6022803,0.034538906,0.4632256,0.04996308,200.0,128.0,0.005,48.0,2.0,32.0,12.0,0.01,trans_PIDL,exper1,Feeagh,44,12,100
0.9889243,0.4522434,0.023432301,0.3404776,0.03565299,0.9719261,0.66355217,0.038052656,0.5141091,0.04978161,200.0,128.0,0.005,48.0,2.0,32.0,12.0,0.001,trans_PIDL,exper1,Feeagh,66,12,100
0.98688483,0.49212313,0.025498608,0.3687345,0.036746923,0.97570086,0.6173323,0.03540209,0.47943467,0.048923302,200.0,128.0,0.005,48.0,2.0,32.0,12.0,0.01,trans_PIDL,exper1,Feeagh,11,14,100
0.9871477,0.48716632,0.02524178,0.37056008,0.039050013,0.97002214,0.68568414,0.039321855,0.51224905,0.051471878,200.0,128.0,0.005,48.0,2.0,32.0,12.0,0.01,trans_PIDL,exper1,Feeagh,22,14,100
0.99167454,0.39209455,0.020315781,0.28539148,0.028975505,0.9735742,0.64378005,0.036918785,0.47749063,0.04830649,200.0,128.0,0.005,48.0,2.0,32.0,12.0,0.001,trans_PIDL,exper1,Feeagh,33,14,100
0.98881656,0.45443764,0.023545993,0.34316635,0.034165815,0.96823037,0.7058782,0.04047992,0.53038704,0.05199429,200.0,128.0,0.005,48.0,2.0,32.0,12.0,0.01,trans_PIDL,exper1,Feeagh,44,14,100
0.99020845,0.42521882,0.022032063,0.31518313,0.031877786,0.9757268,0.6170029,0.0353832,0.4711402,0.046945263,200.0,128.0,0.005,48.0,2.0,32.0,12.0,0.01,trans_PIDL,exper1,Feeagh,66,14,100
0.9896699,0.4367551,0.022629797,0.313941,0.030522274,0.97757953,0.59298784,0.03400601,0.43854314,0.042013664,200.0,128.0,0.005,48.0,2.0,32.0,12.0,0.01,trans_PIDL,exper1,Feeagh,11,16,100
0.99169105,0.39170516,0.020295605,0.28394488,0.028280118,0.97900546,0.57382154,0.032906882,0.43459398,0.044159237,200.0,128.0,0.005,48.0,2.0,32.0,12.0,0.01,trans_PIDL,exper1,Feeagh,22,16,100
0.9902598,0.42410186,0.021974191,0.30813143,0.031388167,0.9778634,0.5892224,0.03379007,0.44349143,0.04314254,200.0,128.0,0.005,48.0,2.0,32.0,12.0,0.001,trans_PIDL,exper1,Feeagh,33,16,100
0.98910975,0.44844118,0.023235295,0.33199343,0.033870496,0.9704793,0.6804356,0.039020866,0.5321368,0.057203554,200.0,128.0,0.005,48.0,2.0,32.0,12.0,0.001,trans_PIDL,exper1,Feeagh,44,16,100
0.98859954,0.4588253,0.023773331,0.34375277,0.03557408,0.97319883,0.6483363,0.03718007,0.51807123,0.053982344,200.0,128.0,0.005,48.0,2.0,32.0,12.0,0.001,trans_PIDL,exper1,Feeagh,66,16,100
0.9877454,0.47570357,0.024647854,0.35066321,0.03523132,0.9666707,0.7229975,0.041461658,0.59231806,0.05929816,200.0,128.0,0.005,48.0,2.0,32.0,12.0,0.01,trans_PIDL,exper1,Feeagh,11,18,100
0.98819953,0.46680534,0.024186807,0.35456952,0.03540859,0.9697821,0.6884235,0.03947895,0.49208105,0.046730626,200.0,128.0,0.005,48.0,2.0,32.0,12.0,0.01,trans_PIDL,exper1,Feeagh,22,18,100
0.9904572,0.41978273,0.021750402,0.30370608,0.031652763,0.9782502,0.5840514,0.03349353,0.4477627,0.04391282,200.0,128.0,0.005,48.0,2.0,32.0,12.0,0.01,trans_PIDL,exper1,Feeagh,33,18,100
0.9910241,0.40712392,0.021094505,0.29957044,0.029958665,0.97887677,0.5755773,0.03300757,0.44270146,0.042823948,200.0,128.0,0.005,48.0,2.0,32.0,12.0,0.01,trans_PIDL,exper1,Feeagh,44,18,100
0.99153155,0.395447,0.020489482,0.28454447,0.027824288,0.9658414,0.731937,0.041974314,0.57564,0.06006759,200.0,128.0,0.005,48.0,2.0,32.0,12.0,0.01,trans_PIDL,exper1,Feeagh,66,18,100
0.9905391,0.41797775,0.021656878,0.2957478,0.02872647,0.9789164,0.5750375,0.032976612,0.42587164,0.044938587,200.0,128.0,0.005,48.0,2.0,32.0,12.0,0.01,trans_PIDL,exper1,Feeagh,11,20,100
0.9891526,0.44755778,0.023189522,0.32049093,0.033436485,0.9710337,0.6740158,0.038652714,0.5182341,0.050862193,200.0,128.0,0.005,48.0,2.0,32.0,12.0,0.01,trans_PIDL,exper1,Feeagh,22,20,100
0.9900698,0.42821872,0.0221875,0.30122426,0.031895112,0.97625804,0.6102138,0.034993865,0.45460045,0.04447894,200.0,128.0,0.005,48.0,2.0,32.0,12.0,0.001,trans_PIDL,exper1,Feeagh,33,20,100
0.9909321,0.4092036,0.021202259,0.29268032,0.030007508,0.9809649,0.5463883,0.031333674,0.42085645,0.04403069,200.0,128.0,0.005,48.0,2.0,32.0,12.0,0.001,trans_PIDL,exper1,Feeagh,44,20,100
0.9896556,0.4370579,0.022645488,0.32729876,0.033502243,0.9731365,0.64908993,0.03722329,0.48485395,0.046095204,200.0,128.0,0.005,48.0,2.0,32.0,12.0,0.001,trans_PIDL,exper1,Feeagh,66,20,100
0.99260676,0.36949185,0.019144656,0.26356867,0.026719706,0.9729739,0.651052,0.03733581,0.5121084,0.052872438,200.0,128.0,0.005,48.0,2.0,32.0,12.0,0.001,trans_PIDL,exper1,Feeagh,11,22,100
0.9897616,0.43481338,0.022529192,0.3023402,0.029719569,0.9713081,0.6708156,0.038469188,0.49381426,0.051569454,200.0,128.0,0.005,48.0,2.0,32.0,12.0,0.001,trans_PIDL,exper1,Feeagh,22,22,100
0.99001443,0.4294104,0.022249244,0.31061146,0.030721476,0.97541755,0.62092096,0.035607886,0.47481936,0.045880865,200.0,128.0,0.005,48.0,2.0,32.0,12.0,0.001,trans_PIDL,exper1,Feeagh,33,22,100
0.98944134,0.44156107,0.022878813,0.31727225,0.031692807,0.97532934,0.6220342,0.03567173,0.4880428,0.050123274,200.0,128.0,0.005,48.0,2.0,32.0,12.0,0.001,trans_PIDL,exper1,Feeagh,44,22,100
0.9919227,0.38620713,0.020010734,0.28172186,0.028496556,0.98030746,0.55574393,0.031870186,0.40882865,0.03966186,200.0,128.0,0.005,48.0,2.0,32.0,12.0,0.01,trans_PIDL,exper1,Feeagh,66,22,100
0.9903114,0.4229783,0.021915976,0.31279102,0.032387204,0.97138065,0.6699669,0.038420517,0.52303207,0.05468331,200.0,128.0,0.005,48.0,2.0,32.0,12.0,0.001,trans_PIDL,exper1,Feeagh,11,24,100
0.9894918,0.44050452,0.02282407,0.3204056,0.033031225,0.97344667,0.64533186,0.037007775,0.5094925,0.05424316,200.0,128.0,0.005,48.0,2.0,32.0,12.0,0.001,trans_PIDL,exper1,Feeagh,22,24,100
0.98918533,0.44688264,0.023154542,0.32951227,0.03490185,0.97579604,0.6161222,0.03533269,0.47581625,0.04707601,200.0,128.0,0.005,48.0,2.0,32.0,12.0,0.01,trans_PIDL,exper1,Feeagh,33,24,100
0.9907829,0.41255614,0.021375967,0.30159214,0.03018234,0.97493154,0.6270289,0.03595816,0.46743917,0.04763061,200.0,128.0,0.005,48.0,2.0,32.0,12.0,0.01,trans_PIDL,exper1,Feeagh,44,24,100
0.99149853,0.39621714,0.020529386,0.28172046,0.027314285,0.97676104,0.6037153,0.034621198,0.45117044,0.044043504,200.0,128.0,0.005,48.0,2.0,32.0,12.0,0.01,trans_PIDL,exper1,Feeagh,66,24,100
0.99053013,0.41817573,0.021667138,0.2952354,0.029491266,0.9805839,0.55182874,0.031645663,0.42496586,0.042434864,200.0,128.0,0.005,48.0,2.0,32.0,12.0,0.001,trans_PIDL,exper1,Feeagh,11,26,100
0.9907601,0.4130674,0.021402458,0.29927275,0.030022953,0.9798386,0.5623208,0.032247353,0.4393904,0.04522929,200.0,128.0,0.005,48.0,2.0,32.0,12.0,0.01,trans_PIDL,exper1,Feeagh,22,26,100
0.99122614,0.40251505,0.020855702,0.29367748,0.029788459,0.97767407,0.5917363,0.03393424,0.4640438,0.045803472,200.0,128.0,0.005,48.0,2.0,32.0,12.0,0.001,trans_PIDL,exper1,Feeagh,33,26,100
0.9893782,0.4428795,0.022947125,0.30739117,0.03193389,0.9822162,0.5281239,0.030286266,0.40428886,0.03987332,200.0,128.0,0.005,48.0,2.0,32.0,12.0,0.001,trans_PIDL,exper1,Feeagh,44,26,100
0.9916113,0.39358145,0.020392822,0.29318044,0.030927096,0.9798145,0.5626564,0.032266594,0.45158195,0.047047965,200.0,128.0,0.005,48.0,2.0,32.0,12.0,0.01,trans_PIDL,exper1,Feeagh,66,26,100
0.9926892,0.3674253,0.01903758,0.25396857,0.02558334,0.97886145,0.575786,0.03301954,0.44006467,0.043596707,200.0,128.0,0.005,48.0,2.0,32.0,12.0,0.001,trans_PIDL,exper1,Feeagh,11,28,100
0.9884556,0.46171397,0.023923004,0.33221102,0.033076555,0.9803205,0.5555593,0.0318596,0.43972203,0.04312727,200.0,128.0,0.005,48.0,2.0,32.0,12.0,0.001,trans_PIDL,exper1,Feeagh,22,28,100
0.9882019,0.46675885,0.024184396,0.34494132,0.03871766,0.9717353,0.66580313,0.03818174,0.51730907,0.050411824,200.0,128.0,0.005,48.0,2.0,32.0,12.0,0.001,trans_PIDL,exper1,Feeagh,33,28,100
0.99094516,0.40891,0.021187048,0.2999193,0.030618105,0.97755986,0.5932478,0.034020916,0.46206397,0.046427485,200.0,128.0,0.005,48.0,2.0,32.0,12.0,0.001,trans_PIDL,exper1,Feeagh,44,28,100
0.9921771,0.3800756,0.019693037,0.27983072,0.029297845,0.97426206,0.6353466,0.036435153,0.46862382,0.04560399,200.0,128.0,0.005,48.0,2.0,32.0,12.0,0.01,trans_PIDL,exper1,Feeagh,66,28,100
0.99133235,0.40007162,0.0207291,0.29343763,0.029497314,0.9738964,0.63984364,0.036693044,0.5100734,0.052883998,200.0,128.0,0.005,48.0,2.0,32.0,12.0,0.001,trans_PIDL,exper1,Feeagh,11,30,100
0.9908676,0.41065657,0.021277543,0.28459808,0.027323276,0.9769006,0.60189956,0.03451707,0.47032157,0.04841121,200.0,128.0,0.005,48.0,2.0,32.0,12.0,0.001,trans_PIDL,exper1,Feeagh,22,30,100
0.99118966,0.40335032,0.020898981,0.29681557,0.029411608,0.96381336,0.75335145,0.043202363,0.561123,0.05258078,200.0,128.0,0.005,48.0,2.0,32.0,12.0,0.01,trans_PIDL,exper1,Feeagh,33,30,100
0.99110925,0.40518734,0.020994164,0.29557046,0.029441575,0.9796522,0.5649137,0.032396045,0.42710006,0.04019509,200.0,128.0,0.005,48.0,2.0,32.0,12.0,0.01,trans_PIDL,exper1,Feeagh,44,30,100
0.9925369,0.3712334,0.019234892,0.25913697,0.0261111,0.97947884,0.5673159,0.032533802,0.42173123,0.042399023,200.0,128.0,0.005,48.0,2.0,32.0,12.0,0.01,trans_PIDL,exper1,Feeagh,66,30,100
0.9920709,0.382647,0.01982627,0.27159402,0.02650024,0.9808915,0.5474403,0.031394,0.40762323,0.0406061,200.0,128.0,0.005,48.0,2.0,32.0,12.0,0.01,trans_PIDL,exper1,Feeagh,11,32,100
0.9927048,0.3670334,0.019017275,0.25800312,0.02520319,0.9787308,0.57756305,0.033121444,0.435078,0.04445201,200.0,128.0,0.005,48.0,2.0,32.0,12.0,0.001,trans_PIDL,exper1,Feeagh,22,32,100
0.98758054,0.47889242,0.02481308,0.3351278,0.0322169,0.97113925,0.6727865,0.038582213,0.51368976,0.049776368,200.0,128.0,0.005,48.0,2.0,32.0,12.0,0.001,trans_PIDL,exper1,Feeagh,33,32,100
0.9914648,0.3970026,0.020570084,0.28838408,0.0295518,0.9776789,0.59167284,0.0339306,0.4392176,0.04263251,200.0,128.0,0.005,48.0,2.0,32.0,12.0,0.001,trans_PIDL,exper1,Feeagh,44,32,100
0.98943025,0.44179308,0.022890834,0.31781602,0.030718122,0.97129256,0.6709976,0.03847963,0.5109655,0.05001222,200.0,128.0,0.005,48.0,2.0,32.0,12.0,0.01,trans_PIDL,exper1,Feeagh,66,32,100
0.9918078,0.38894284,0.02015248,0.2720454,0.026310025,0.9741276,0.6370037,0.036530185,0.47439578,0.0500013,200.0,128.0,0.005,48.0,2.0,32.0,12.0,0.001,trans_PIDL,exper1,Feeagh,11,34,100
0.9943603,0.32271117,0.016720787,0.22164533,0.02145595,0.97967345,0.56461895,0.032379143,0.4266394,0.04028015,200.0,128.0,0.005,48.0,2.0,32.0,12.0,0.001,trans_PIDL,exper1,Feeagh,22,34,100
0.99295557,0.36066934,0.018687531,0.2542499,0.02455263,0.97844476,0.58143365,0.033343412,0.433849,0.042665526,200.0,128.0,0.005,48.0,2.0,32.0,12.0,0.01,trans_PIDL,exper1,Feeagh,33,34,100
0.9938321,0.337485,0.017486269,0.23850097,0.024121681,0.9825216,0.5235697,0.030025095,0.39398313,0.03919067,200.0,128.0,0.005,48.0,2.0,32.0,12.0,0.001,trans_PIDL,exper1,Feeagh,44,34,100
0.9942093,0.3270034,0.016943181,0.23113443,0.02267542,0.98271763,0.52062535,0.029856246,0.38635647,0.03738092,200.0,128.0,0.005,48.0,2.0,32.0,12.0,0.001,trans_PIDL,exper1,Feeagh,66,34,100
0.99082726,0.41156313,0.021324515,0.31151715,0.03281638,0.9632071,0.7596361,0.04356277,0.6165721,0.06526697,200.0,128.0,0.005,48.0,2.0,32.0,12.0,0.001,trans_PIDL,exper1,Feeagh,11,36,100
0.990346,0.4222212,0.021876747,0.3162979,0.03239822,0.977813,0.58989275,0.033828516,0.4578949,0.04437886,200.0,128.0,0.005,48.0,2.0,32.0,12.0,0.001,trans_PIDL,exper1,Feeagh,22,36,100
0.99152404,0.39562294,0.020498598,0.29179585,0.030320339,0.9790628,0.5730371,0.032861896,0.45657036,0.045882102,200.0,128.0,0.005,48.0,2.0,32.0,12.0,0.01,trans_PIDL,exper1,Feeagh,33,36,100
0.99134934,0.39967933,0.020708775,0.2891155,0.028929142,0.9808066,0.54865575,0.0314637,0.40338743,0.03762762,200.0,128.0,0.005,48.0,2.0,32.0,12.0,0.001,trans_PIDL,exper1,Feeagh,44,36,100
0.99227256,0.37774995,0.019572537,0.28002343,0.02931404,0.9654894,0.7356987,0.042190034,0.5510829,0.052857243,200.0,128.0,0.005,48.0,2.0,32.0,12.0,0.01,trans_PIDL,exper1,Feeagh,66,36,100
0.99073017,0.41373602,0.0214371,0.29688698,0.029698502,0.97542816,0.62078655,0.035600178,0.48096788,0.04994077,200.0,128.0,0.005,48.0,2.0,32.0,12.0,0.01,trans_PIDL,exper1,Feeagh,11,38,100
0.9932124,0.35403374,0.018343717,0.25422522,0.02595379,0.97566074,0.61784214,0.035431325,0.48594773,0.049012978,200.0,128.0,0.005,48.0,2.0,32.0,12.0,0.001,trans_PIDL,exper1,Feeagh,22,38,100
0.990147,0.42655092,0.022101086,0.31531346,0.03196327,0.9711689,0.6724416,0.038562436,0.5177114,0.050260507,200.0,128.0,0.005,48.0,2.0,32.0,12.0,0.01,trans_PIDL,exper1,Feeagh,33,38,100
0.9910261,0.40707725,0.021092087,0.28794098,0.028845195,0.9732515,0.6476989,0.037143517,0.52096397,0.053518645,200.0,128.0,0.005,48.0,2.0,32.0,12.0,0.001,trans_PIDL,exper1,Feeagh,44,38,100
0.991658,0.39248443,0.020335982,0.2783994,0.027816785,0.97712964,0.598908,0.03434551,0.45279908,0.046129327,200.0,128.0,0.005,48.0,2.0,32.0,12.0,0.001,trans_PIDL,exper1,Feeagh,66,38,100
0.991977,0.3849072,0.019943379,0.27691773,0.027257044,0.98009247,0.55876935,0.032043684,0.411768,0.03785341,200.0,128.0,0.005,48.0,2.0,32.0,12.0,0.001,trans_PIDL,exper1,Feeagh,0,40,100
0.99314636,0.68982494,0.02428961,0.53096586,0.0422204,0.9807636,1.1138089,0.03750198,0.88039136,0.07142643,200.0,128.0,0.005,48.0,2.0,32.0,12.0,0.001,trans_PIDL,exper1,Kasumigaura,11,2,100
0.992978,0.69824594,0.024586124,0.53613394,0.041918054,0.97609013,1.241759,0.041810066,0.96682435,0.073743924,200.0,128.0,0.005,48.0,2.0,32.0,12.0,0.01,trans_PIDL,exper1,Kasumigaura,22,2,100
0.9933221,0.68092585,0.02397626,0.51914746,0.04164502,0.98285633,1.0514789,0.035403326,0.8316609,0.06596785,200.0,128.0,0.005,48.0,2.0,32.0,12.0,0.01,trans_PIDL,exper1,Kasumigaura,33,2,100
0.9917867,0.75515586,0.026589993,0.5725388,0.044004716,0.97579056,1.2495141,0.042071182,0.96590406,0.07389067,200.0,128.0,0.005,48.0,2.0,32.0,12.0,0.01,trans_PIDL,exper1,Kasumigaura,44,2,100
0.9927158,0.7111653,0.02504103,0.54981077,0.043536864,0.98471785,0.9927532,0.03342603,0.7867029,0.06151329,200.0,128.0,0.005,48.0,2.0,32.0,12.0,0.001,trans_PIDL,exper1,Kasumigaura,66,2,100
0.9933215,0.6809555,0.023977306,0.53218496,0.043155845,0.9862989,0.9399963,0.031649705,0.728858,0.058753956,200.0,128.0,0.005,48.0,2.0,32.0,12.0,0.01,trans_PIDL,exper1,Kasumigaura,11,4,100
0.99249434,0.7218929,0.025418762,0.5533686,0.04524344,0.98352224,1.0308567,0.03470898,0.82544774,0.064483054,200.0,128.0,0.005,48.0,2.0,32.0,12.0,0.001,trans_PIDL,exper1,Kasumigaura,22,4,100
0.9939532,0.64794755,0.022815052,0.5083948,0.04050027,0.9873888,0.90183496,0.030364813,0.71239597,0.058134038,200.0,128.0,0.005,48.0,2.0,32.0,12.0,0.01,trans_PIDL,exper1,Kasumigaura,33,4,100
0.99329686,0.6822101,0.02402148,0.5201977,0.03958779,0.984371,1.003956,0.03380323,0.79313767,0.06080169,200.0,128.0,0.005,48.0,2.0,32.0,12.0,0.01,trans_PIDL,exper1,Kasumigaura,44,4,100
0.9931305,0.6906226,0.024317697,0.53663766,0.042776637,0.9836585,1.0265858,0.034565177,0.80374444,0.0622413,200.0,128.0,0.005,48.0,2.0,32.0,12.0,0.001,trans_PIDL,exper1,Kasumigaura,66,4,100
0.9926164,0.71599865,0.025211219,0.5408675,0.04106416,0.9830623,1.0451424,0.03518998,0.8352792,0.06222444,200.0,128.0,0.005,48.0,2.0,32.0,12.0,0.001,trans_PIDL,exper1,Kasumigaura,11,6,100
0.9926691,0.7134374,0.025121033,0.5464506,0.047843877,0.97927696,1.1560484,0.038924187,0.91026175,0.07561804,200.0,128.0,0.005,48.0,2.0,32.0,12.0,0.01,trans_PIDL,exper1,Kasumigaura,22,6,100
0.9946398,0.61005336,0.02148075,0.4706305,0.038399506,0.99067086,0.77565616,0.02611637,0.6142669,0.0496283,200.0,128.0,0.005,48.0,2.0,32.0,12.0,0.01,trans_PIDL,exper1,Kasumigaura,33,6,100
0.9937366,0.6594504,0.023220083,0.5056432,0.039009362,0.9833813,1.0352561,0.03485711,0.820362,0.061475337,200.0,128.0,0.005,48.0,2.0,32.0,12.0,0.01,trans_PIDL,exper1,Kasumigaura,44,6,100
0.994137,0.63802487,0.022465663,0.49699,0.040288553,0.9877218,0.889849,0.029961245,0.7002212,0.054789633,200.0,128.0,0.005,48.0,2.0,32.0,12.0,0.01,trans_PIDL,exper1,Kasumigaura,66,6,100
0.9942577,0.6314257,0.022233298,0.49013284,0.038631048,0.9876242,0.8933778,0.03008006,0.7196041,0.055564757,200.0,128.0,0.005,48.0,2.0,32.0,12.0,0.001,trans_PIDL,exper1,Kasumigaura,11,8,100
0.99383163,0.6544289,0.02304327,0.4942084,0.038411397,0.98857456,0.85839045,0.028902035,0.673141,0.05137619,200.0,128.0,0.005,48.0,2.0,32.0,12.0,0.001,trans_PIDL,exper1,Kasumigaura,22,8,100
0.99399894,0.6454948,0.022728689,0.5026754,0.038744707,0.98995876,0.8047159,0.02709481,0.62408596,0.048750706,200.0,128.0,0.005,48.0,2.0,32.0,12.0,0.01,trans_PIDL,exper1,Kasumigaura,33,8,100
0.9945744,0.6137628,0.021611365,0.47707665,0.03848889,0.98775065,0.88880247,0.029926008,0.69947636,0.05711271,200.0,128.0,0.005,48.0,2.0,32.0,12.0,0.001,trans_PIDL,exper1,Kasumigaura,44,8,100
0.9949463,0.59235495,0.020857567,0.45894504,0.037136506,0.9876441,0.89266187,0.030055955,0.6726876,0.057270203,200.0,128.0,0.005,48.0,2.0,32.0,12.0,0.001,trans_PIDL,exper1,Kasumigaura,66,8,100
0.99272317,0.7108026,0.02502826,0.5569216,0.046453077,0.97676975,1.2239851,0.041211616,0.9608602,0.07313245,200.0,128.0,0.005,48.0,2.0,32.0,12.0,0.001,trans_PIDL,exper1,Kasumigaura,11,10,100
0.99374956,0.6587688,0.023196083,0.50438905,0.038503382,0.98229545,1.0685419,0.03597784,0.83591014,0.0588891,200.0,128.0,0.005,48.0,2.0,32.0,12.0,0.01,trans_PIDL,exper1,Kasumigaura,22,10,100
0.9948982,0.5951698,0.020956682,0.45159224,0.036221087,0.9882512,0.8704545,0.029308232,0.66131496,0.053089846,200.0,128.0,0.005,48.0,2.0,32.0,12.0,0.01,trans_PIDL,exper1,Kasumigaura,33,10,100
0.99569595,0.54665834,0.019248532,0.4086692,0.032439943,0.9863833,0.9370968,0.03155208,0.7266794,0.05392825,200.0,128.0,0.005,48.0,2.0,32.0,12.0,0.01,trans_PIDL,exper1,Kasumigaura,44,10,100
0.9944485,0.6208471,0.021860812,0.48688614,0.037850082,0.9869698,0.9166923,0.03086506,0.7237756,0.054836996,200.0,128.0,0.005,48.0,2.0,32.0,12.0,0.001,trans_PIDL,exper1,Kasumigaura,66,10,100
0.9948305,0.5991038,0.021095203,0.46135557,0.037939847,0.98868924,0.8540736,0.028756686,0.6651662,0.05482514,200.0,128.0,0.005,48.0,2.0,32.0,12.0,0.01,trans_PIDL,exper1,Kasumigaura,11,12,100
0.9951417,0.5807919,0.020450417,0.44659746,0.036262635,0.9908049,0.77006346,0.025928061,0.61860865,0.04844577,200.0,128.0,0.005,48.0,2.0,32.0,12.0,0.001,trans_PIDL,exper1,Kasumigaura,22,12,100
0.9946548,0.6092032,0.021450816,0.4683513,0.03766393,0.98817104,0.87341845,0.029408028,0.69335485,0.054419782,200.0,128.0,0.005,48.0,2.0,32.0,12.0,0.01,trans_PIDL,exper1,Kasumigaura,33,12,100
0.99399704,0.6455953,0.022732228,0.5014936,0.040354595,0.98774517,0.88900167,0.029932715,0.6952471,0.054244276,200.0,128.0,0.005,48.0,2.0,32.0,12.0,0.001,trans_PIDL,exper1,Kasumigaura,44,12,100
0.9952171,0.5762697,0.020291185,0.44643864,0.037561998,0.9899292,0.8059004,0.027134692,0.62775654,0.04907899,200.0,128.0,0.005,48.0,2.0,32.0,12.0,0.01,trans_PIDL,exper1,Kasumigaura,66,12,100
0.9941677,0.63635373,0.02240682,0.48188108,0.03820516,0.9889611,0.8437451,0.028408926,0.6628868,0.05288072,200.0,128.0,0.005,48.0,2.0,32.0,12.0,0.001,trans_PIDL,exper1,Kasumigaura,11,14,100
0.9959085,0.53298897,0.018767215,0.40500024,0.03292883,0.99039054,0.7872244,0.026505873,0.608536,0.046855338,200.0,128.0,0.005,48.0,2.0,32.0,12.0,0.01,trans_PIDL,exper1,Kasumigaura,22,14,100
0.99535894,0.5676595,0.01998801,0.43285066,0.035040177,0.98972076,0.8141966,0.027414026,0.6372592,0.051015902,200.0,128.0,0.005,48.0,2.0,32.0,12.0,0.001,trans_PIDL,exper1,Kasumigaura,33,14,100
0.9956329,0.5506496,0.019389069,0.41937813,0.03480106,0.98884815,0.8480519,0.028553935,0.6667592,0.056528423,200.0,128.0,0.005,48.0,2.0,32.0,12.0,0.001,trans_PIDL,exper1,Kasumigaura,44,14,100
0.99413764,0.63799036,0.022464449,0.47701,0.038133055,0.98531085,0.9733016,0.032771096,0.76149446,0.058169186,200.0,128.0,0.005,48.0,2.0,32.0,12.0,0.01,trans_PIDL,exper1,Kasumigaura,66,14,100
0.9950225,0.58787596,0.020699857,0.45619038,0.03603675,0.98799616,0.8798511,0.029624615,0.70193595,0.053965736,200.0,128.0,0.005,48.0,2.0,32.0,12.0,0.001,trans_PIDL,exper1,Kasumigaura,11,16,100
0.9959106,0.5328564,0.01876255,0.4080892,0.033307515,0.99004906,0.8010903,0.026972737,0.61948425,0.049194884,200.0,128.0,0.005,48.0,2.0,32.0,12.0,0.001,trans_PIDL,exper1,Kasumigaura,22,16,100
0.9937912,0.65656936,0.023118638,0.49398243,0.037914146,0.9815566,1.0906099,0.036720872,0.83706766,0.060388822,200.0,128.0,0.005,48.0,2.0,32.0,12.0,0.001,trans_PIDL,exper1,Kasumigaura,33,16,100
0.9949643,0.5912994,0.020820402,0.45246774,0.03740731,0.9888172,0.84922653,0.028593486,0.68184125,0.054246712,200.0,128.0,0.005,48.0,2.0,32.0,12.0,0.001,trans_PIDL,exper1,Kasumigaura,44,16,100
0.9946118,0.61164474,0.021536786,0.4738902,0.037657205,0.98557633,0.9644659,0.032473598,0.75907797,0.059459332,200.0,128.0,0.005,48.0,2.0,32.0,12.0,0.001,trans_PIDL,exper1,Kasumigaura,66,16,100
0.9950644,0.585395,0.020612499,0.45437247,0.037336916,0.9878943,0.8835768,0.02975006,0.704635,0.05764165,200.0,128.0,0.005,48.0,2.0,32.0,12.0,0.01,trans_PIDL,exper1,Kasumigaura,11,18,100
0.9950938,0.5836457,0.020550905,0.45194063,0.034207635,0.98700976,0.9152879,0.030817773,0.7194807,0.056077633,200.0,128.0,0.005,48.0,2.0,32.0,12.0,0.001,trans_PIDL,exper1,Kasumigaura,22,18,100
0.9949822,0.59024966,0.020783437,0.45153365,0.035701346,0.9873071,0.90475166,0.030463018,0.7204183,0.055261992,200.0,128.0,0.005,48.0,2.0,32.0,12.0,0.001,trans_PIDL,exper1,Kasumigaura,33,18,100
0.99572027,0.54511446,0.01919417,0.42508563,0.034395725,0.989641,0.817349,0.027520169,0.6652534,0.053331353,200.0,128.0,0.005,48.0,2.0,32.0,12.0,0.001,trans_PIDL,exper1,Kasumigaura,44,18,100
0.9965499,0.48943302,0.017233556,0.37931025,0.031553645,0.9895749,0.8199533,0.027607854,0.6307922,0.0516073,200.0,128.0,0.005,48.0,2.0,32.0,12.0,0.001,trans_PIDL,exper1,Kasumigaura,66,18,100
0.9952282,0.5756004,0.020267619,0.44674093,0.0371472,0.99080116,0.77022094,0.025933364,0.6100941,0.04779629,200.0,128.0,0.005,48.0,2.0,32.0,12.0,0.01,trans_PIDL,exper1,Kasumigaura,11,20,100
0.9954001,0.5651377,0.019899214,0.4267813,0.03323176,0.98795503,0.88135654,0.029675303,0.6939881,0.054336924,200.0,128.0,0.005,48.0,2.0,32.0,12.0,0.01,trans_PIDL,exper1,Kasumigaura,22,20,100
0.9951125,0.5825344,0.020511772,0.4534798,0.03736517,0.99040353,0.7866927,0.026487969,0.6131001,0.051615458,200.0,128.0,0.005,48.0,2.0,32.0,12.0,0.01,trans_PIDL,exper1,Kasumigaura,33,20,100
0.9955759,0.5542312,0.019515183,0.4314732,0.035120532,0.9882807,0.86936057,0.0292714,0.6841764,0.05268168,200.0,128.0,0.005,48.0,2.0,32.0,12.0,0.001,trans_PIDL,exper1,Kasumigaura,44,20,100
0.9962724,0.50873893,0.017913342,0.3907755,0.02997843,0.99220455,0.70903903,0.023873368,0.5605929,0.044563126,200.0,128.0,0.005,48.0,2.0,32.0,12.0,0.01,trans_PIDL,exper1,Kasumigaura,66,20,100
0.9965066,0.49249902,0.017341513,0.38682404,0.032848597,0.9906349,0.777151,0.0261667,0.5977686,0.047131706,200.0,128.0,0.005,48.0,2.0,32.0,12.0,0.01,trans_PIDL,exper1,Kasumigaura,11,22,100
0.99602216,0.52553296,0.018504681,0.38772613,0.03217953,0.9868372,0.92134684,0.031021778,0.7152369,0.054192465,200.0,128.0,0.005,48.0,2.0,32.0,12.0,0.001,trans_PIDL,exper1,Kasumigaura,22,22,100
0.99582046,0.538693,0.018968062,0.41707844,0.032292884,0.9887878,0.85034364,0.028631099,0.68955475,0.05321774,200.0,128.0,0.005,48.0,2.0,32.0,12.0,0.001,trans_PIDL,exper1,Kasumigaura,33,22,100
0.99521977,0.5761049,0.020285383,0.43374446,0.03457031,0.9904055,0.7866112,0.026485225,0.60282207,0.049539622,200.0,128.0,0.005,48.0,2.0,32.0,12.0,0.01,trans_PIDL,exper1,Kasumigaura,44,22,100
0.9964608,0.49571556,0.017454771,0.38193503,0.031552777,0.98959994,0.81896806,0.02757468,0.6482007,0.052646264,200.0,128.0,0.005,48.0,2.0,32.0,12.0,0.01,trans_PIDL,exper1,Kasumigaura,66,22,100
0.9964534,0.49623135,0.017472934,0.37993595,0.030172575,0.9917181,0.73082507,0.024606904,0.56324565,0.045457654,200.0,128.0,0.005,48.0,2.0,32.0,12.0,0.01,trans_PIDL,exper1,Kasumigaura,11,24,100
0.9943636,0.6255738,0.022027247,0.4650549,0.03781027,0.98603135,0.9491308,0.031957265,0.7421022,0.05861904,200.0,128.0,0.005,48.0,2.0,32.0,12.0,0.001,trans_PIDL,exper1,Kasumigaura,22,24,100
0.9949475,0.59228444,0.020855084,0.46391508,0.037495002,0.9900805,0.79982483,0.02693013,0.6219017,0.050100606,200.0,128.0,0.005,48.0,2.0,32.0,12.0,0.01,trans_PIDL,exper1,Kasumigaura,33,24,100
0.99525905,0.57373357,0.020201884,0.4373677,0.03549795,0.9890695,0.8395934,0.028269138,0.6569356,0.053572696,200.0,128.0,0.005,48.0,2.0,32.0,12.0,0.01,trans_PIDL,exper1,Kasumigaura,44,24,100
0.99647367,0.49481207,0.01742296,0.3811521,0.030928515,0.99075407,0.7721896,0.02599965,0.61997604,0.05333624,200.0,128.0,0.005,48.0,2.0,32.0,12.0,0.01,trans_PIDL,exper1,Kasumigaura,66,24,100
0.99615496,0.51668704,0.018193204,0.37068748,0.031716194,0.9908805,0.76689315,0.025821317,0.60970443,0.050893925,200.0,128.0,0.005,48.0,2.0,32.0,12.0,0.001,trans_PIDL,exper1,Kasumigaura,11,26,100
0.9956926,0.5468702,0.01925599,0.41572213,0.034725484,0.98741776,0.90079963,0.030329954,0.70440656,0.058782917,200.0,128.0,0.005,48.0,2.0,32.0,12.0,0.001,trans_PIDL,exper1,Kasumigaura,22,26,100
0.9972653,0.43574733,0.015343215,0.33610442,0.026915397,0.9895525,0.8208328,0.027637467,0.6535354,0.053977687,200.0,128.0,0.005,48.0,2.0,32.0,12.0,0.001,trans_PIDL,exper1,Kasumigaura,33,26,100
0.99559456,0.5530617,0.019474003,0.41776103,0.03423667,0.9891781,0.83541167,0.028128339,0.64824915,0.05259472,200.0,128.0,0.005,48.0,2.0,32.0,12.0,0.01,trans_PIDL,exper1,Kasumigaura,44,26,100
0.99542654,0.56350964,0.019841887,0.44628528,0.03458214,0.9892795,0.8314895,0.02799628,0.6570494,0.0520055,200.0,128.0,0.005,48.0,2.0,32.0,12.0,0.001,trans_PIDL,exper1,Kasumigaura,66,26,100
0.99573743,0.54401904,0.0191556,0.4226941,0.034312617,0.9896035,0.818827,0.027569931,0.6563601,0.05688467,200.0,128.0,0.005,48.0,2.0,32.0,12.0,0.01,trans_PIDL,exper1,Kasumigaura,11,28,100
0.99584246,0.5372748,0.018918125,0.41245118,0.033128124,0.9908655,0.76752067,0.025842447,0.61575824,0.047717046,200.0,128.0,0.005,48.0,2.0,32.0,12.0,0.001,trans_PIDL,exper1,Kasumigaura,22,28,100
0.9949404,0.5927029,0.02086982,0.45100862,0.035792153,0.9849084,0.9865447,0.033216994,0.786077,0.058726177,200.0,128.0,0.005,48.0,2.0,32.0,12.0,0.001,trans_PIDL,exper1,Kasumigaura,33,28,100
0.9951079,0.5828103,0.020521488,0.44382432,0.0354484,0.9901724,0.7961098,0.026805043,0.6301623,0.048694525,200.0,128.0,0.005,48.0,2.0,32.0,12.0,0.01,trans_PIDL,exper1,Kasumigaura,44,28,100
0.9966205,0.4844002,0.017056344,0.36587107,0.03079366,0.99177307,0.7283971,0.024525153,0.5627358,0.04721246,200.0,128.0,0.005,48.0,2.0,32.0,12.0,0.001,trans_PIDL,exper1,Kasumigaura,66,28,100
0.996469,0.49513853,0.017434454,0.38399702,0.03092741,0.9895373,0.8214316,0.027657628,0.65781844,0.051473018,200.0,128.0,0.005,48.0,2.0,32.0,12.0,0.001,trans_PIDL,exper1,Kasumigaura,11,30,100
0.99704254,0.45314437,0.015955787,0.35172874,0.028105438,0.99211204,0.7132328,0.024014572,0.5685002,0.046929672,200.0,128.0,0.005,48.0,2.0,32.0,12.0,0.001,trans_PIDL,exper1,Kasumigaura,22,30,100
0.99705386,0.4522782,0.015925288,0.34354252,0.028086308,0.9890723,0.8394859,0.028265517,0.6326051,0.051292725,200.0,128.0,0.005,48.0,2.0,32.0,12.0,0.001,trans_PIDL,exper1,Kasumigaura,33,30,100
0.9971843,0.44215545,0.015568853,0.34258652,0.028002776,0.9891755,0.83551335,0.028131763,0.6575455,0.0539666,200.0,128.0,0.005,48.0,2.0,32.0,12.0,0.001,trans_PIDL,exper1,Kasumigaura,44,30,100
0.99641156,0.49914867,0.017575657,0.38041976,0.030776748,0.9890731,0.8394545,0.02826446,0.64804286,0.052615147,200.0,128.0,0.005,48.0,2.0,32.0,12.0,0.001,trans_PIDL,exper1,Kasumigaura,66,30,100
0.9969246,0.46209258,0.016270865,0.35636398,0.030295877,0.99063903,0.77697855,0.026160894,0.6037988,0.048105743,200.0,128.0,0.005,48.0,2.0,32.0,12.0,0.001,trans_PIDL,exper1,Kasumigaura,11,32,100
0.9958909,0.53413534,0.01880758,0.40563253,0.031523217,0.9859049,0.95341766,0.032101605,0.7329766,0.05258781,200.0,128.0,0.005,48.0,2.0,32.0,12.0,0.001,trans_PIDL,exper1,Kasumigaura,22,32,100
0.9965866,0.48682347,0.01714167,0.37188753,0.031241158,0.991338,0.74740905,0.025165288,0.58695084,0.048220824,200.0,128.0,0.005,48.0,2.0,32.0,12.0,0.001,trans_PIDL,exper1,Kasumigaura,33,32,100
0.9964035,0.4997107,0.017595446,0.37691194,0.030994369,0.99027085,0.7921111,0.026670408,0.62446177,0.05203052,200.0,128.0,0.005,48.0,2.0,32.0,12.0,0.001,trans_PIDL,exper1,Kasumigaura,44,32,100
0.9959444,0.5306499,0.018684855,0.402751,0.034733135,0.9899345,0.8056872,0.027127514,0.6185515,0.050510656,200.0,128.0,0.005,48.0,2.0,32.0,12.0,0.001,trans_PIDL,exper1,Kasumigaura,66,32,100
0.99704623,0.45286074,0.0159458,0.35237595,0.02917844,0.99167085,0.7329083,0.024677048,0.58130956,0.046369612,200.0,128.0,0.005,48.0,2.0,32.0,12.0,0.001,trans_PIDL,exper1,Kasumigaura,11,34,100
0.9969524,0.4599985,0.016197128,0.35243872,0.02818428,0.9881378,0.874645,0.029449325,0.6799838,0.052299682,200.0,128.0,0.005,48.0,2.0,32.0,12.0,0.01,trans_PIDL,exper1,Kasumigaura,22,34,100
0.99657923,0.4873504,0.017160224,0.36605644,0.03030868,0.9920855,0.71442986,0.024054877,0.56729645,0.045541905,200.0,128.0,0.005,48.0,2.0,32.0,12.0,0.001,trans_PIDL,exper1,Kasumigaura,33,34,100
0.996478,0.49450764,0.01741224,0.3841017,0.032531142,0.9904092,0.7864591,0.026480103,0.60401064,0.049113873,200.0,128.0,0.005,48.0,2.0,32.0,12.0,0.01,trans_PIDL,exper1,Kasumigaura,44,34,100
0.9957625,0.54241323,0.019099057,0.42561397,0.03378523,0.9918187,0.72637177,0.024456961,0.57752913,0.04577442,200.0,128.0,0.005,48.0,2.0,32.0,12.0,0.01,trans_PIDL,exper1,Kasumigaura,66,34,100
0.99655,0.48942298,0.017233202,0.3579912,0.030151797,0.9914244,0.7436711,0.02503943,0.5756788,0.049136244,200.0,128.0,0.005,48.0,2.0,32.0,12.0,0.001,trans_PIDL,exper1,Kasumigaura,11,36,100
0.99612,0.5190345,0.018275863,0.4067044,0.03160221,0.99067456,0.7755022,0.026111186,0.6148432,0.051742505,200.0,128.0,0.005,48.0,2.0,32.0,12.0,0.001,trans_PIDL,exper1,Kasumigaura,22,36,100
0.9945462,0.6153581,0.021667538,0.49345058,0.040999904,0.98644465,0.9349847,0.031480964,0.720897,0.057233997,200.0,128.0,0.005,48.0,2.0,32.0,12.0,0.001,trans_PIDL,exper1,Kasumigaura,33,36,100
0.9970256,0.45444283,0.016001508,0.34829235,0.029132148,0.9905316,0.7814251,0.02631061,0.6089367,0.05110203,200.0,128.0,0.005,48.0,2.0,32.0,12.0,0.01,trans_PIDL,exper1,Kasumigaura,44,36,100
0.9968136,0.47035626,0.01656184,0.34888777,0.029709714,0.9892876,0.8311751,0.027985692,0.6626246,0.05261074,200.0,128.0,0.005,48.0,2.0,32.0,12.0,0.01,trans_PIDL,exper1,Kasumigaura,66,36,100
0.99593806,0.53106123,0.018699339,0.40859687,0.032797854,0.98836076,0.8663864,0.029171258,0.67524827,0.05093104,200.0,128.0,0.005,48.0,2.0,32.0,12.0,0.01,trans_PIDL,exper1,Kasumigaura,11,38,100
0.9964894,0.49370563,0.017384,0.3765056,0.031153353,0.9878784,0.8841558,0.029769555,0.69568664,0.054451987,200.0,128.0,0.005,48.0,2.0,32.0,12.0,0.001,trans_PIDL,exper1,Kasumigaura,22,38,100
0.9962931,0.5073208,0.017863408,0.3821908,0.031063884,0.9874137,0.90094346,0.030334795,0.7071988,0.055166356,200.0,128.0,0.005,48.0,2.0,32.0,12.0,0.01,trans_PIDL,exper1,Kasumigaura,33,38,100
0.9968694,0.46622404,0.01641634,0.35958114,0.02929843,0.98958397,0.8195972,0.027595865,0.6404496,0.05007258,200.0,128.0,0.005,48.0,2.0,32.0,12.0,0.001,trans_PIDL,exper1,Kasumigaura,44,38,100
0.99662346,0.48418885,0.017048903,0.36959687,0.029485622,0.99049264,0.7830311,0.026364682,0.6088188,0.050296064,200.0,128.0,0.005,48.0,2.0,32.0,12.0,0.01,trans_PIDL,exper1,Kasumigaura,66,38,100
0.9971488,0.4449314,0.015666597,0.34043816,0.027106714,0.99093133,0.76475096,0.02574919,0.5970091,0.047028348,200.0,128.0,0.005,48.0,2.0,32.0,12.0,0.01,trans_PIDL,exper1,Kasumigaura,0,40,100
