"model","rmse","nse","r","bias","mae","nmae","phase","LakeID","exper"
"GLM",1.91257007497233,0.949626286346326,0.979011356689436,-0.0841593179593815,1.48276945570196,0.329066043395919,"cali","exper2_01","exper2"
"GLM",2.31210419877546,0.928103432366876,0.967346125755827,0.282397202117107,1.69343423092031,0.337678099394603,"vali","exper2_01","exper2"
"GLM",1.40166265631303,0.938005851764795,0.970578734243241,-0.234307090168092,1.02898966283067,0.0701558680592094,"cali","exper2_02","exper2"
"GLM",1.66236317583092,0.965038416840895,0.983695966472572,-0.406421979133541,1.2415939297609,0.334075165352654,"vali","exper2_02","exper2"
"GLM",1.18262005419861,0.953411627953573,0.977443280202736,-0.208594070421149,0.892923798341425,0.0939657866095965,"cali","exper2_03","exper2"
"GLM",1.31899461839889,0.940540843036104,0.972564849046586,-0.286670672501757,0.976174111937133,0.089619686142318,"vali","exper2_03","exper2"
"GLM",2.18906901265671,0.882411915408323,0.946365857046199,0.0356241139977243,1.70447240330736,0.643435646490755,"cali","exper2_04","exper2"
"GLM",2.41784575765765,0.824460328714496,0.949538184715563,-1.11717062165776,1.89427344365664,0.301220821912124,"vali","exper2_04","exper2"
"GLM",2.11790789531821,0.923054587394077,0.972882985504465,0.952100535061089,1.7977108002875,0.276247956787916,"cali","exper2_05","exper2"
"GLM",2.92957660997401,0.839027612716168,0.953766710055424,1.62759335046337,2.28126369967621,0.244784233969207,"vali","exper2_05","exper2"
"GLM",2.21491548536997,0.857496611029097,0.963351909825019,0.41789542970435,1.69206592040542,0.375883119966875,"cali","exper2_06","exper2"
"GLM",2.71776132479121,0.799658665905192,0.951903232922707,0.700162803245137,2.11042904572985,0.421225994732866,"vali","exper2_06","exper2"
"GLM",0.899900333102149,0.958273047757655,0.98249780538379,0.236193516972206,0.682793225294643,0.0415111782858105,"cali","exper2_07","exper2"
"GLM",1.03130931448758,0.949184234708714,0.984229044522494,0.481037396706539,0.732202045134805,0.0436629734551084,"vali","exper2_07","exper2"
"GLM",0.689353214059294,0.975140438804389,0.990067557795258,-0.164751366998859,0.52255418350077,0.0351700636655406,"cali","exper2_08","exper2"
"GLM",0.779194822978703,0.966408751213975,0.986179836236419,0.134060269670562,0.54728722877805,0.0341776882792933,"vali","exper2_08","exper2"
"GLM",1.12655941744472,0.957393577123613,0.982671317808273,0.132549732723485,0.918924663677541,0.167418411635883,"cali","exper2_09","exper2"
"GLM",1.16608890023614,0.946502234105659,0.978045342146212,0.294318856599172,0.989764337188196,0.135699266883979,"vali","exper2_09","exper2"
"GLM",2.23277439762541,0.903882899509544,0.967135451446971,0.955676067308132,1.76636409201989,5.16975924515967,"cali","exper2_10","exper2"
"GLM",2.07751194643166,0.862153200992188,0.96802360526691,0.240668818751598,1.73377650631245,0.137002608128611,"vali","exper2_10","exper2"
"GLM",1.21981131243976,0.945114660157005,0.978560996041656,-0.568693587587299,0.933936270315035,0.0732365863235932,"cali","exper2_11","exper2"
"GLM",1.3955569215419,0.933224480380984,0.985864324286256,-1.05023618362259,1.1356768164626,0.0813878420944922,"vali","exper2_11","exper2"
"GLM",1.39685538333334,0.937732196910861,0.986776813815287,0.581489072296659,1.01353737327483,0.0700053511246726,"cali","exper2_12","exper2"
"GLM",1.51737575279023,0.92733437343321,0.986255701620376,0.62516163934693,1.09148842964136,0.0726152850127703,"vali","exper2_12","exper2"
"GLM",1.39732098962538,0.939268422531605,0.985114579528115,0.129357579703778,1.12125899908416,0.100242343181217,"cali","exper2_13","exper2"
"GLM",1.04879437359039,0.964361527697876,0.990267020073033,-0.185602140426636,0.873358608694638,0.0682365231879916,"vali","exper2_13","exper2"
"GLM",1.61482427170599,0.89707388885438,0.949256498088611,-0.0322157118863033,1.23318508681751,1.59840961317611,"cali","exper2_14","exper2"
"GLM",1.67364336945712,0.877109184366139,0.937658348547471,-0.218382695681055,1.26877571389887,7.08929995347823,"vali","exper2_14","exper2"
"GLM",1.75109513832033,0.885101119063509,0.957008387127068,-0.518436348655728,1.24576703237576,0.500662174525914,"cali","exper2_15","exper2"
"GLM",2.00586855390005,0.834886085765155,0.942685601010833,-0.251444783563866,1.3841656612151,0.49595156245512,"vali","exper2_15","exper2"
"GLM",1.93284251215661,0.811169784645855,0.987147502128664,0.326213184155916,1.66302749985143,0.121567347776108,"cali","exper2_16","exper2"
"GLM",2.11431945242424,0.773939188273327,0.993702816422904,0.692953223946654,1.88326809612321,0.125459850620223,"vali","exper2_16","exper2"
"GLM",2.00560964370849,0.901204512360386,0.974843817766535,1.41391494098226,1.76049547629603,0.0900864497497304,"cali","exper2_17","exper2"
"GLM",2.5782467900031,0.835971176274899,0.979893693756989,2.24270976347082,2.37187845117906,0.121526990531243,"vali","exper2_17","exper2"
"GLM",2.58462381175288,0.921447742644299,0.959989831558222,-0.0489435211017381,1.88503973362218,0.447860447995848,"cali","exper2_18","exper2"
"GLM",2.2653722536493,0.924525149468669,0.963727005214612,-0.523410358093679,1.65448455195874,0.319904201999508,"vali","exper2_18","exper2"
"GLM",1.16250469910238,0.954555019981203,0.978866338223771,-0.243162166780547,0.895602387976174,0.199666347732719,"cali","exper2_19","exper2"
"GLM",2.85096558469341,0.720325907856235,0.940412863441153,1.40666806609212,1.93151060224101,0.225112506282519,"vali","exper2_19","exper2"
"GLM",2.07164675089916,0.901420847138809,0.97010925411103,0.673956464112718,1.68206312221197,0.17075868841915,"cali","exper2_20","exper2"
"GLM",2.03525042136344,0.906447909435775,0.979150404570231,0.605174597324038,1.66863241947108,0.174928297953211,"vali","exper2_20","exper2"
"GLM",1.93751080778924,0.855891875394824,0.945514981633873,0.548271783161908,1.40993164672649,0.242572431585921,"cali","exper2_22","exper2"
"GLM",2.67805949683503,0.756798392619147,0.927599663316197,0.954470824656166,1.97077956174088,0.33759826537807,"vali","exper2_22","exper2"
"GLM",1.49515507537956,0.890208640705622,0.947806143423794,-0.314137837142149,1.15101742938835,0.0760848277069235,"cali","exper2_23","exper2"
"GLM",1.32715316378859,0.780082018119348,0.914323499195127,-0.296740455505175,0.929137929891929,0.0523747383509197,"vali","exper2_23","exper2"
"GLM",1.34819597025221,0.907715773072473,0.971525515265691,0.807037251894591,1.14616996733869,0.0573073632237967,"cali","exper2_25","exper2"
"GLM",2.19105749568636,0.895432293463298,0.97457975673861,1.45345776150561,1.74698696626253,0.13604286606153,"vali","exper2_25","exper2"
"GLM",0.90261701294661,0.967126534573357,0.984605091470739,-0.239684737473726,0.713960145264864,0.0496348681320482,"cali","exper2_27","exper2"
"GLM",1.38091008456165,0.922940890325828,0.977523130383488,-0.897097977724942,1.11581897735596,0.0674742569187305,"vali","exper2_27","exper2"
"GLM",0.929509252240954,0.94971664799298,0.98092553465584,0.234268926805066,0.713468367053616,0.0364399258117481,"cali","exper2_28","exper2"
"GLM",1.43167895502205,0.950959618978443,0.980807796542488,0.0962946713233607,1.07399847524075,0.0881084093998371,"vali","exper2_28","exper2"
"GLM",1.52308580784986,0.95144563375805,0.98659310559737,0.807487659728333,1.1455933332213,0.112614840290819,"cali","exper2_29","exper2"
"GLM",7.37972987921739,-0.0250707423236218,0.957621563308835,6.53443720987575,6.63886319862848,0.46477666428983,"vali","exper2_29","exper2"
"GLM",1.24546187810103,0.981498359170953,0.991657264838838,-0.236264467038013,0.915174103870585,0.156253930581469,"cali","exper2_30","exper2"
"GLM",1.51569231090032,0.965222578292119,0.984858970261751,-0.27560355580811,1.2186205033403,0.162200503656723,"vali","exper2_30","exper2"
"GLM",1.79579894595887,0.955276259405931,0.981507665720938,-0.233682481187677,1.40581227874472,0.173898642067128,"cali","exper2_31","exper2"
"GLM",1.93291525957059,0.940276009483827,0.977164767485028,-0.491507119129113,1.52140896424368,0.162803653498294,"vali","exper2_31","exper2"
"GLM",1.56794011472157,0.922766708001581,0.970477983278198,-0.0537628286731634,1.253398922889,0.0564911683438031,"cali","exper2_32","exper2"
"GLM",1.53836540532722,0.88246720021101,0.959329801397511,0.42346247007262,1.27541411957651,0.0534830805404237,"vali","exper2_32","exper2"
"GLM",1.77552329136926,0.953585650372284,0.987103234147879,0.245125681412147,1.42680940820019,0.235465059924357,"cali","exper2_34","exper2"
"GLM",1.65079467525803,0.961429814957224,0.988321750224274,-0.0558974163085551,1.30832678918045,0.176584798140126,"vali","exper2_34","exper2"
"GLM",1.75578168664945,0.958842171986286,0.987524492064286,-0.157606562842605,1.41976012479626,0.2340845386945,"cali","exper2_35","exper2"
"GLM",1.32180900918756,0.979558046372062,0.992241797166447,-0.127621609922294,1.04287151075326,0.187354345879807,"vali","exper2_35","exper2"
"GLM",1.82530555250516,0.953659775764547,0.983565735130551,-0.336884315437136,1.3717342519488,0.227952191231115,"cali","exper2_36","exper2"
"GLM",1.58430600200984,0.964331623691413,0.98789194897437,-0.484021730440715,1.23539088310277,0.186260314638609,"vali","exper2_36","exper2"
"GLM",1.55016428052757,0.947709916509874,0.974783793064902,0.313296634799005,1.23060235807309,0.150717168492755,"cali","exper2_37","exper2"
"GLM",1.59901144198373,0.927135731288403,0.964304466861593,0.153790980303634,1.24176299768239,0.155438901743334,"vali","exper2_37","exper2"
"GLM",1.29163039049697,0.956831635132358,0.99027165940356,-0.660146335010263,0.984527103469576,0.0830699816831577,"cali","exper2_38","exper2"
"GLM",1.23873281772472,0.939429449483637,0.989825527223626,-0.449555308783232,1.01026550976198,0.0679023943777783,"vali","exper2_38","exper2"
"GLM",0.793745830399068,0.971551677038773,0.985979097623423,0.0496091727403716,0.626051168067218,0.0371442378094783,"cali","exper2_39","exper2"
"GLM",0.80182176431303,0.971571928847844,0.987466062049456,-0.23101386657128,0.611939243601458,0.0314846744182003,"vali","exper2_39","exper2"
"GLM",1.98559433782265,0.89833921009955,0.951866826928015,0.229165976980049,1.60147720176907,0.287849809849484,"cali","exper2_40","exper2"
"GLM",2.36698514783657,0.842646599726492,0.933254134048105,-0.755965189307707,1.84785224055824,0.214342938082795,"vali","exper2_40","exper2"
"GLM",1.1214723841087,0.926798359964478,0.96669126620605,0.00497680216763927,0.78936558487141,0.0444932475901497,"cali","exper2_41","exper2"
"GLM",1.10867158081688,0.92343657683928,0.967442056918179,-0.31061366693863,0.897910449678535,0.0460885909833252,"vali","exper2_41","exper2"
"GLM",2.33046822281286,0.899033684425148,0.966708806119987,-0.910002683914752,1.94462972963952,0.321189817784823,"cali","exper2_42","exper2"
"GLM",3.19517061230646,0.822899809924423,0.989449090172375,-2.80920690933731,2.82458570396112,0.363047439612631,"vali","exper2_42","exper2"
"GLM",1.55415520823917,0.935682371140688,0.985584140032389,-0.0441741917159531,1.27968117168971,0.0657298079541429,"cali","exper2_43","exper2"
"GLM",1.78090052513451,0.809322936106016,0.988502323587581,-0.358217905375583,1.55163033146504,0.0905764115481636,"vali","exper2_43","exper2"
"GLM",2.05788805708163,0.932248485355531,0.976288165458427,-0.575571447682896,1.67235940076362,0.285153026554063,"cali","exper2_44","exper2"
"GLM",2.1059996840755,0.924681612249297,0.979972474645858,0.2695421658373,1.66649426013626,0.24720146794464,"vali","exper2_44","exper2"
"GLM",1.12963233570046,0.97515088666301,0.989421132307367,-0.27848550220206,0.811809935619427,0.595580245494256,"cali","exper2_45","exper2"
"GLM",0.991705393332376,0.981703679391486,0.992279133312481,-0.286649548506187,0.778779605811476,0.554640936647439,"vali","exper2_45","exper2"
"GLM",1.09971591177194,0.91450499268828,0.982712053571845,-0.801141152881977,0.896303371277306,0.0612619587815305,"cali","exper2_46","exper2"
"GLM",1.01595945530528,0.918938814127043,0.97366848121943,-0.552365884960424,0.808417469164066,0.0498491687174102,"vali","exper2_46","exper2"
"GLM",1.57412053539749,0.889415147244432,0.951467159684826,0.31753921462094,1.14550937058805,0.120340912968924,"cali","exper2_47","exper2"
"GLM",1.7085479840919,0.87477161614479,0.949454539725029,0.620361946715077,1.26825728987317,0.115754190618353,"vali","exper2_47","exper2"
