"LakeID","LakeTR","annual_ave_95_10","Lon_centre","Lat_centre"
3,"H",25.1430945743079,33.1431,-0.8764
12,"T",12.3093294545123,-81.1292,42.2514
13,"C",11.5814879001826,-98.4236,53.4153
17,"T",14.8337033821139,74.4764,46.2903
18,"C",9.47256242693366,35.5319,61.6625
19,"H",25.8799997091082,-42.1986,-9.9042
21,"H",26.4283751155359,-85.2431,11.3569
22,"H",26.9280203034599,36.0486,3.7764
23,"C",9.78234962047003,-109.4181,59.3319
24,"H",27.8076004932486,0.0292,6.5597
27,"C",8.38939513653106,-63.9986,54.0153
28,"C",9.81298677982368,-102.2014,57.5542
29,"T",9.52503846648518,13.5931,59.0514
33,"C",14.1640431352948,48.5931,54.5514
35,"H",24.6866629340686,27.8347,-17.0153
37,"T",13.6020465315682,-98.2681,50.3958
39,"C",11.546271407346,101.9486,55.6375
40,"C",14.6161368222866,84.2597,47.9014
41,"C",8.92246200593701,100.2014,37.0208
42,"H",23.9456724139109,32.3069,-15.6181
44,"T",13.3593965361419,-94.9458,49.0847
47,"C",13.3267381252225,38.5208,58.4014
48,"H",24.3928135671259,32.7986,23.2069
49,"F",5.78221811534466,-101.4431,63.1625
50,"C",12.6003550469595,27.4208,58.8208
53,"T",13.8033091357929,92.7181,50.3069
54,"C",8.91447265862418,-76.7069,53.8736
55,"H",22.2743463574293,37.4014,12.0708
56,"F",4.21470315080977,-71.0431,64.9486
57,"C",12.5448468381831,-100.1875,53.2181
61,"T",14.4969616022394,45.8569,50.3431
63,"C",8.91373865986574,-75.3847,53.8403
65,"H",23.6621930599853,-54.4486,-25.2042
68,"C",10.3016082980552,-103.4347,58.2125
71,"T",15.2117349512413,42.3708,47.7153
72,"C",11.289961235657,-98.3403,57.3319
75,"C",14.079552918584,117.3458,48.8931
77,"H",21.4457710629219,43.3014,33.8931
78,"H",15.6130191577291,116.1708,29.1319
79,"T",14.7519168347673,34.0597,47.4958
80,"F",11.5541185482984,111.2847,62.7097
87,"T",14.8807658396864,32.7819,49.2347
88,"C",11.919888833638,127.7042,54.4347
91,"C",6.13114388515363,90.4514,30.6958
93,"F",11.879924220644,91.4625,54.2264
95,"C",9.2966222267945,14.7069,58.5458
98,"H",26.5632662870963,128.8264,-16.2931
100,"C",11.7782387743491,-118.1903,63.4569
102,"C",10.5022115170542,102.3347,57.3236
104,"C",13.6325550439,56.2847,58.8625
105,"C",7.60224148745709,89.0903,31.8014
107,"C",13.6743189096585,-92.5542,50.3153
109,"W",13.0806227302205,118.7236,33.2847
110,"T",13.8758155507069,-102.3125,47.8069
112,"F",9.09237666800886,87.5986,67.8264
113,"T",13.5410367490752,48.4792,52.8486
114,"H",21.1492696158411,-80.7903,26.9403
118,"T",13.5920372609808,-74.5347,48.5375
122,"T",13.637848051493,-100.6375,44.7375
124,"C",8.92077409391043,-102.1208,60.3208
126,"F",7.41580514196217,-98.1431,62.7431
127,"C",12.6918524381447,-105.0931,55.0181
128,"C",6.90880753881468,-74.1069,56.0681
129,"H",25.357015845873,-51.0486,-20.2236
130,"T",14.3449166814176,-92.8014,48.5736
132,"W",17.7018209612612,-56.0181,-32.6875
135,"T",10.8892753190436,45.3792,40.2958
136,"C",12.6580065568246,34.6597,63.6542
137,"C",11.8869961182182,-106.9625,57.3431
139,"H",23.1861970185744,-45.7347,-20.7431
147,"C",11.9712858992216,-115.0403,55.4514
151,"T",14.4603591730952,-95.0875,47.9681
152,"F",6.58872431821583,-98.7292,64.4875
153,"H",20.7280965357219,-102.9903,20.2486
155,"C",11.5096506690134,-72.5931,55.1431
157,"C",12.0771650304029,25.3986,61.4958
158,"T",12.4850684732131,-71.9597,48.5597
159,"C",12.2197234944965,-76.6708,52.3764
160,"C",13.6052137367269,37.6375,60.1819
161,"W",20.685749477395,-57.9097,-30.9375
162,"F",6.35893399578963,-110.2958,65.4431
165,"T",11.3743906911453,-73.3153,44.4653
168,"C",9.45844194715001,-69.8097,54.5014
172,"C",11.9792422131089,-94.1708,54.7514
173,"H",21.9077736482991,43.5708,32.8208
174,"C",12.9291543980234,-94.5014,53.7903
179,"F",7.57850977743531,85.4903,30.9403
181,"T",15.7963914925894,86.9653,41.9958
184,"F",8.62063117481864,-111.2792,63.9569
186,"C",10.6667445982922,31.7903,65.7708
188,"H",25.2551007788318,-45.2625,-18.2458
189,"F",10.4371246005639,-118.5375,65.1208
190,"C",16.4539617652519,82.8347,54.7347
192,"C",13.8643974020695,31.2514,58.2542
193,"C",14.7318839543013,43.0931,57.2153
194,"H",23.1093171979526,-115.7236,33.2458
195,"C",12.6236481027652,29.8764,63.2097
198,"T",14.2491026382506,-79.5958,46.2569
199,"H",23.0372808609076,-51.2153,-22.7208
201,"T",13.5205861214983,-106.4375,47.9625
202,"C",12.3163095735754,27.2153,64.2986
203,"H",25.4644941066835,-50.3681,-18.7958
212,"F",5.29560167037892,-153.5875,70.5819
216,"H",26.2775945762086,-38.4875,-8.8319
217,"H",24.569231768617,-48.9625,-20.3958
220,"W",13.6643677180027,-69.0847,-39.5264
222,"C",12.3694248811638,-108.9458,56.0208
223,"C",10.9585651619691,-70.4403,49.5875
224,"C",8.27936192808499,-74.8542,57.2514
225,"C",13.6153332460397,-100.2569,53.7986
226,"F",7.48272048630303,-108.5181,64.1097
227,"F",7.62517481462784,-99.8542,65.8847
228,"C",10.979225150939,33.6403,63.2847
232,"F",7.28217853766797,-112.3708,65.1847
234,"H",26.592034970428,-92.3986,16.0431
236,"T",13.584571666164,-79.3569,44.4625
237,"C",14.8787302913073,54.1403,56.8542
239,"T",14.9109402597192,87.2097,47.2431
240,"F",9.05231975715775,87.7792,70.0153
241,"T",15.5062358558569,57.3514,41.9542
242,"C",11.5410694964927,32.1708,66.6819
243,"H",17.9162367662246,-93.6542,31.2958
246,"F",8.75366394953795,-95.1708,62.1431
248,"T",10.7740709170468,-69.2208,50.1847
249,"H",24.5861240669346,83.8153,21.5764
251,"C",13.3859518753643,-97.8181,54.6736
252,"F",7.88363053371215,-110.5097,64.4653
254,"F",10.0114018325766,-101.1569,60.8958
258,"F",9.49695407199238,31.1931,68.5847
259,"H",24.3760873924581,-51.0958,-20.6931
261,"C",8.12856052937606,90.6042,28.8375
264,"F",8.24797803059977,-101.5097,62.3486
266,"H",28.6266247936312,-101.7319,18.6069
267,"W",15.0137575277027,31.5486,37.7069
268,"W",13.660214531782,136.1681,35.3264
269,"F",6.18022708615981,-99.4764,62.8931
270,"C",13.4193349490638,-77.0097,50.8681
273,"C",10.3859657578196,31.0375,66.1042
274,"H",26.8559832191341,34.3764,11.6292
275,"F",7.58912155821383,-107.4653,63.9542
279,"W",19.4311323728048,38.2931,35.9236
280,"C",12.0511162216489,-89.9819,53.7181
281,"C",12.6794307299722,-107.2764,54.7764
285,"C",14.4210717697651,-90.5986,51.0903
287,"W",13.062330303119,119.3458,32.8458
288,"C",13.8792101524548,-100.4208,55.8986
289,"H",26.9928637214409,78.3736,15.9792
290,"C",10.8258241075385,-65.2597,53.6653
291,"C",14.0412213026015,117.7125,47.8181
292,"C",11.2944742495117,-104.3681,60.0514
296,"W",17.8158664858634,68.1903,41.1319
298,"W",17.1190195375664,-88.0625,36.4208
300,"F",7.67456384114445,97.7069,34.8931
301,"C",13.4436881883673,-97.7958,54.9931
303,"C",13.7065589313575,-100.1431,54.1569
306,"H",26.4578460458566,13.8597,8.9319
312,"F",7.34902048895374,89.4292,37.5486
313,"C",12.0361631270068,-105.8931,60.1375
319,"F",8.38705382535,-97.4069,61.5347
320,"F",7.74568972211183,-95.7708,62.8069
323,"C",13.0684922771963,-108.2986,56.0625
324,"F",9.70769687585185,-99.7681,62.3903
326,"C",13.8184902961539,-103.5903,54.6569
328,"T",16.4072031960395,46.6569,40.9653
333,"C",11.8144188700122,-105.2764,59.2208
334,"C",6.71611264898503,-107.7486,63.2403
335,"C",10.3726919386549,-73.2681,53.8986
336,"F",7.65882247939037,97.2792,34.9181
337,"C",12.9370557579868,-94.8736,56.3931
340,"T",14.8262874321505,-88.4181,44.0208
342,"H",22.3531235427322,-49.6347,-23.3542
346,"C",13.5059155405514,25.9875,62.8764
353,"F",7.8398349367086,-74.3569,59.4819
354,"F",7.86924098748042,82.9403,31.5403
356,"C",13.5787101329133,-93.0431,53.0069
360,"H",20.8670830497247,-49.0625,-23.2542
361,"T",14.9832449983578,34.0236,48.8403
362,"H",18.0770911992863,-94.2153,31.1403
364,"F",9.44784249539128,88.6931,67.0208
365,"C",9.48644269982689,-102.9736,60.6681
366,"T",14.5419658347123,-93.6625,46.2681
367,"C",12.4207634848709,-121.2764,60.5097
368,"C",12.4726455479657,-70.9847,50.7792
369,"C",12.7693890962752,23.7403,61.5792
371,"F",6.41318535692912,-95.5847,64.9458
372,"H",25.5664785030474,92.2042,22.5958
373,"F",7.53451507479267,-98.8681,63.7458
376,"F",11.0542356906493,27.5708,67.9431
379,"W",14.7852653586291,-68.8208,-38.5375
382,"F",7.11996564631994,88.4319,31.0681
383,"F",6.3562774370472,84.0181,31.1431
386,"H",26.8527414459651,-10.3514,13.0403
387,"C",12.2659757123052,15.8681,59.2319
389,"F",2.71695059542098,-82.3514,68.6458
391,"C",13.2927335010618,-107.7486,55.5542
393,"C",9.88122529595402,14.2764,63.2236
395,"F",5.36616461467994,-97.5319,63.9542
396,"F",6.61243820127821,-102.8819,66.6569
400,"F",9.3427967163674,-125.2514,66.8208
402,"C",13.4733684115199,-106.4681,50.9903
404,"C",13.821758146351,-108.4875,56.4542
405,"C",13.5892645819451,-105.6431,54.3569
409,"C",12.7219652754383,-109.7125,54.9236
411,"W",15.4131109654293,-119.5986,40.1069
412,"F",6.75864866899639,-95.3125,66.9542
413,"F",7.20570922994031,-98.4458,63.9625
417,"F",5.30886561958631,-119.7042,68.3708
419,"C",12.0081274328417,-64.6125,52.7097
421,"C",11.0918912383313,-65.1792,52.8292
422,"C",13.3932783827105,27.8181,62.8431
424,"F",4.62140560442656,-80.6792,70.6681
426,"F",10.4192923131245,-125.9847,67.1819
427,"C",14.5655176813918,38.9097,60.7181
430,"C",12.0644909238518,-117.3514,63.8986
432,"C",9.65667135632417,-73.3097,50.9042
434,"C",14.4756804040301,39.4958,59.6181
438,"F",5.67560515878949,-97.4542,64.7708
441,"W",17.8145632451884,-95.5597,35.3125
442,"H",24.0226854491665,82.8375,24.1319
443,"T",7.81081822049574,-71.2125,-48.9264
444,"F",8.78467137355606,87.1764,31.0681
445,"H",21.1376284517641,38.8181,8.0069
448,"T",9.46352392247738,-69.1819,-45.4153
449,"F",8.64897020289382,-99.8625,64.0931
454,"C",12.7411622852469,-96.7597,54.2181
456,"F",6.63034612078777,90.3569,34.8653
458,"C",12.998915104857,-118.7319,59.7403
460,"W",17.3191520602589,25.6875,-30.6903
461,"T",16.058812277899,70.1764,40.3153
462,"H",21.4557853467576,25.9431,-15.7931
464,"T",14.8618178171752,-120.4097,42.0097
465,"C",11.8176602432339,-121.5597,63.9236
467,"F",6.30494007706311,-75.3153,60.1347
471,"T",14.4523389229297,31.4875,49.9097
472,"C",12.3026866545372,31.4347,65.1347
474,"C",14.1140358084502,-106.6264,55.4125
477,"H",26.9085950156242,-93.7431,17.1847
481,"T",10.3255832208871,-6.4153,54.5931
482,"C",12.602178465175,-99.5625,56.2764
483,"C",15.4208379040122,136.6153,52.0069
484,"H",19.8600618665958,42.3375,34.2486
486,"C",13.1763514385714,-93.3208,51.2014
488,"W",17.2907742800804,19.2931,42.1931
493,"C",13.8172925787536,-77.6903,49.8986
494,"H",23.9541526770998,-50.1014,-19.8486
495,"F",3.98956245491976,107.1458,74.1403
496,"H",24.273280304521,-48.1514,-20.1153
503,"C",11.245007735297,-97.6653,59.6264
508,"C",11.1684117880993,-110.0958,54.5542
510,"H",28.9928099110028,-43.5986,-6.7486
514,"C",9.87924918359356,-109.2125,59.8153
516,"C",13.8514437417916,-90.5569,52.7181
517,"C",11.6998962938862,-70.0736,51.7486
519,"F",8.35376403548542,-111.5597,64.9069
522,"C",13.7170587867183,36.8542,62.3875
523,"T",14.7437985074151,-111.8014,40.2042
527,"H",27.3961379062226,41.7819,11.1708
528,"H",25.5373574902846,76.2986,15.2403
529,"C",12.751723352333,-95.3819,54.9319
530,"C",13.6940352850857,26.6792,61.8375
531,"H",14.9547990800069,114.5181,30.2458
533,"C",14.5373969712671,38.7569,61.2458
534,"H",18.548774451804,-95.1458,30.7375
539,"H",14.3414133451174,116.1986,29.9375
543,"C",7.13818640288819,87.9597,31.7181
545,"C",13.2568381871572,-100.7514,54.1681
548,"F",7.95062700485416,34.4347,67.6486
549,"C",13.8677503255552,93.4903,47.6458
553,"H",24.7016945687705,-51.6042,-20.6653
555,"T",14.3493668521079,-78.7069,47.6375
556,"W",16.3716698008153,-80.2125,33.4681
557,"F",10.6047675684585,-106.2819,62.5069
558,"T",14.8572018230181,-105.9569,50.0958
562,"W",16.1906456861025,28.3236,-27.0236
566,"C",12.9911229984246,-102.2542,54.5236
567,"H",23.2847132869718,-99.2042,26.6542
568,"F",11.4817448540276,-105.5292,61.4903
569,"C",13.4790631043808,-117.5208,60.8986
570,"C",14.0861120172507,-76.8514,49.8347
571,"T",14.6648019305755,-99.6764,44.2014
573,"T",11.4585733854042,-56.6069,48.2486
576,"H",21.9782099701266,42.9097,36.6597
590,"H",20.4381506861977,-101.1931,19.9319
594,"F",5.90985335106547,18.7847,68.4125
601,"T",15.505548539285,39.1986,44.9625
603,"H",25.4583488122589,102.5792,16.7569
623,"H",14.6039391700353,116.4569,29.9931
624,"C",14.8048057338009,-100.6569,52.4125
630,"F",13.570863337335,90.5236,49.4875
634,"W",17.4721829591812,29.5125,40.4375
635,"F",8.55407231939238,-126.2931,66.9458
637,"H",18.906361227566,-64.9931,-27.5431
639,"F",7.03310398603573,90.3125,35.2069
645,"C",13.3049030876156,99.1597,45.5903
646,"C",12.9621779031507,-101.0653,54.0569
648,"H",26.6462085540105,-65.9458,-13.0069
654,"C",10.654512978941,14.7597,60.8653
657,"C",13.2231377640344,29.7181,62.7347
672,"C",12.7660302674548,-106.8625,54.6431
679,"C",14.0782409076856,26.0347,58.3042
681,"C",7.93133761889353,88.7708,31.5792
684,"C",13.0959702016828,-98.3958,54.1486
710,"F",10.9036909208061,17.7264,66.0264
713,"C",14.1006734451955,-103.4653,53.6014
725,"F",7.1927705992265,88.9986,34.5542
728,"C",14.63444121397,-101.3542,52.9625
733,"C",13.4306760469202,-98.6125,54.2625
736,"F",6.7742688326759,92.9208,35.6903
744,"C",8.78817398244348,87.5486,31.9042
754,"C",14.2708005367559,-102.2986,54.0125
758,"F",9.25424029898593,17.7153,66.1764
767,"W",15.1267034833164,100.1819,25.8042
770,"H",22.6317295900369,-98.7514,23.9625
771,"C",13.5846720625668,-108.6569,56.5347
779,"C",13.4289239902045,-104.6764,54.9181
792,"F",7.99221299945367,160.0014,69.3125
797,"C",13.0013942293641,-93.8097,54.1431
800,"W",14.332554084156,143.4542,-38.0986
804,"C",13.66418395856,-92.1375,53.8292
805,"C",13.6239239860821,-112.2042,54.8986
810,"C",12.2785388674996,-107.2819,55.1014
819,"F",7.83327044674216,98.6431,35.2653
824,"W",16.3707784610718,-80.0625,33.3181
825,"C",12.1854517911351,31.9069,66.2597
827,"C",13.3522816990206,116.6514,43.2847
829,"H",22.8073206850933,38.7597,7.5986
840,"T",15.6323700277406,28.6653,45.2986
849,"C",9.56648327900212,-123.1625,63.9375
881,"W",17.0865772174597,30.1653,37.7264
883,"W",13.2649562403227,-118.9681,38.0181
893,"T",13.8867270664866,6.9375,46.9569
894,"T",16.2158364485521,35.3514,46.5042
904,"C",14.4023774331068,-76.3931,49.5319
905,"T",14.4895112846832,-75.8875,43.1931
907,"T",16.0795422698682,51.6792,50.5569
908,"C",13.2452690491082,-109.5875,56.5208
910,"C",13.5685010475464,-108.2653,55.1764
913,"C",5.52958684094833,86.4069,30.3181
920,"C",11.1213726504418,97.3514,48.8486
924,"F",6.8246706897181,92.1347,35.2181
929,"H",19.7244028957811,-81.5958,29.2986
931,"W",15.5608687377386,-94.8597,35.3542
936,"C",13.5512844699954,30.9708,61.9792
945,"W",18.3264827460467,61.3153,37.1986
949,"C",13.5633711037,-101.8653,54.2319
976,"C",14.3799239809947,-118.4486,63.0931
977,"C",13.3341274133609,-100.3736,54.6125
982,"C",10.6651289404626,98.9458,49.2736
1003,"C",13.8895845594378,-99.8375,54.0903
1009,"C",13.4921644823474,-85.1931,52.2986
1011,"C",15.7470533132006,70.3875,57.5264
1019,"C",11.0408590976327,-125.3653,65.5042
1026,"T",13.4332567153205,-112.6958,42.9736
1028,"C",12.4259879984057,13.6986,56.8653
1050,"C",14.7776425845764,79.7625,52.7153
1053,"C",13.032799516398,-101.6875,54.5236
1057,"W",10.5796880017646,-9.2903,53.4653
1061,"C",14.111601877225,26.5597,63.1403
1062,"C",13.8860931013194,-99.8486,54.7792
1066,"C",7.5283557536635,90.5708,31.2042
1071,"T",13.7901370224584,-80.2181,50.3875
1075,"T",13.5728143131032,-105.2764,51.1931
1083,"T",18.7399097313138,46.6708,49.1486
1107,"H",15.1914567319587,116.3097,28.5986
1110,"W",15.9939682928551,33.5569,39.1931
1116,"T",12.963517159984,-65.0958,44.1764
1128,"W",15.9817051383337,-118.7153,38.7264
1130,"C",10.1845867316316,96.9153,37.1236
1145,"W",17.9795120664097,27.9958,40.1958
1154,"T",14.1636960997439,-120.2181,42.6875
1169,"T",15.2882618070002,-92.7847,49.7458
1170,"W",7.97691305837403,146.7403,-41.9319
1174,"T",15.9384371179415,87.4486,46.9236
1184,"C",13.0889179512967,106.4403,51.2292
1188,"H",18.8852270095498,-122.8486,39.0736
1192,"C",8.85452552051306,90.0097,32.4542
1193,"T",14.3230325744223,-111.5264,46.4125
1195,"T",5.54842922325161,-68.9958,-54.0069
1196,"H",23.1557133381326,35.5847,32.8292
1199,"T",14.3530832783776,-99.1903,48.0736
1201,"C",13.6996836060399,24.2375,61.1542
1203,"T",16.9886379216436,45.3125,39.1875
1204,"W",12.0914418273148,140.3958,36.0375
1219,"H",24.2111276331624,75.2569,19.5014
1221,"C",14.891272668897,-100.3264,52.4819
1236,"W",18.1907339154531,28.6292,40.1542
1237,"C",14.3385266413086,-93.5681,53.1292
1240,"C",13.1707426903423,22.3097,60.9931
1246,"C",13.2363491778116,23.7014,63.1236
1249,"C",13.7443069732709,-96.9542,54.6958
1259,"T",5.65528990332589,-71.1847,-48.4347
1270,"H",14.5918176675735,116.4681,30.1542
1283,"F",7.04280829913502,86.2236,30.6625
1286,"C",15.2404076426123,75.2569,49.8319
1294,"C",14.2853353482197,93.4486,48.8958
1319,"C",13.3308852562173,34.8819,61.1569
1321,"H",20.004285571944,-7.5569,32.4431
1336,"C",6.49701340899056,91.2208,31.1875
1344,"W",14.9067114614057,-95.5597,36.6347
1358,"H",15.1483257553297,114.2042,30.0069
1359,"T",12.6938103975174,-80.7458,46.7486
1360,"T",17.4662910430066,61.8625,46.2125
1368,"H",20.6061059855241,-81.2819,27.9014
1370,"C",13.0187412690219,-113.3042,55.2458
1375,"C",13.6383103348863,-105.3319,53.8514
1424,"C",13.7172568964969,-101.4875,54.4597
1425,"C",13.5363251006782,-108.7569,56.7736
1432,"C",7.76444792889597,90.9514,31.4736
1434,"H",23.6285258355618,-109.8625,27.8653
1467,"H",17.8516192508246,-90.0264,32.4458
1489,"C",13.1306143360468,-110.5514,55.4875
1493,"H",19.979154078907,-81.6347,28.6347
1498,"T",11.5368438806538,-70.5792,43.8708
1505,"T",14.0339378626197,21.6958,53.7569
1516,"C",11.689024817148,113.0181,55.1847
1524,"C",14.4247428292422,-110.3986,56.4819
1526,"T",9.93042075203876,-7.8097,54.4875
1529,"W",16.5473842011148,12.0986,43.1514
1547,"C",13.2530087535155,-106.1681,54.0736
1567,"H",20.0716245937312,-98.3042,28.4819
1573,"F",11.159235452675,155.1625,68.3931
1576,"F",13.1426839802825,-121.5542,64.6292
1582,"T",15.5184942383077,-80.9431,48.4764
1594,"C",14.4945967824107,-102.7764,54.3625
1596,"W",16.6364423770285,11.9292,42.6042
1613,"F",10.7925995565527,154.9931,68.1792
1616,"H",23.107283548181,35.0653,-24.5264
1618,"T",11.99199233203,116.9403,40.5375
1623,"C",13.7612230320542,-99.4125,53.8097
1632,"C",13.5048526199507,28.1764,59.2986
1640,"C",14.1034481128482,-108.3264,58.8514
1649,"T",13.2799260437767,12.7292,53.4069
1652,"C",6.42342310611011,85.7264,29.8208
1658,"W",12.772337990141,116.1986,35.9625
1659,"H",21.6956288345911,36.3514,-0.7681
1676,"C",14.5835331514185,-105.5153,55.1153
1679,"C",11.9122686084366,17.6097,59.7458
1703,"C",13.5270902894493,-92.5347,54.6458
1706,"C",14.7054973148982,-101.4792,54.1569
1714,"T",15.5386238293151,-88.8403,44.1486
1730,"C",8.31159838557848,89.6486,30.9486
1735,"T",15.2546709397686,-78.1014,48.2514
1740,"H",25.6324333024456,-60.2431,-15.5125
1745,"C",7.51453420753143,-150.4347,60.4347
1756,"T",14.3206546264319,-74.1903,43.1319
1787,"C",13.5958181196616,111.4986,52.6181
1790,"F",7.89671123351368,89.7875,33.0486
1815,"C",13.7413300911514,-92.2347,54.1653
1818,"T",13.7043451311786,-81.9486,45.7486
1827,"F",8.70015188245196,84.1431,32.0319
1831,"C",11.8078360367491,12.6597,59.5486
1832,"C",13.3037319584409,-113.9292,56.0542
1840,"T",13.363077390251,43.5764,38.6847
1853,"H",24.998897310591,-57.5458,-18.1708
1887,"C",16.8453657105664,70.6264,53.8375
1891,"F",7.08003833728519,89.2458,35.3292
1893,"C",12.5009076184113,15.6236,58.5125
1908,"C",14.4400072598015,-107.4264,54.4569
1910,"C",13.8141939130033,-114.0347,53.0181
1913,"W",19.0193467947303,21.5625,38.5736
1945,"C",13.7000532372287,-108.1347,54.9014
1958,"C",14.9045533438592,60.3958,55.3875
1970,"F",8.96588253429828,89.0208,31.0403
1971,"C",7.52375989199884,89.2042,31.2292
1984,"C",10.421173109697,14.4458,58.7931
1997,"C",14.6225594736443,65.0236,60.6375
2021,"C",13.8489148559828,-96.6819,54.5097
2027,"C",15.6423860282721,40.7069,57.9153
2032,"W",14.3657748039936,-120.6986,40.7014
2054,"C",13.5126778041699,26.6736,61.2153
2064,"C",15.1815971089322,-99.5097,52.8681
2097,"C",15.1724345401665,-93.4875,50.7597
2116,"C",7.59781539063848,88.2208,31.8208
2117,"C",14.526050372136,-116.5597,62.0653
2124,"H",22.4582801077146,38.4264,7.0347
2129,"T",16.1749537196027,28.3986,45.3681
2162,"C",14.2450649642123,-114.0236,52.5597
2168,"H",16.6880392028579,-93.9653,33.7292
2179,"C",13.6285811658568,-94.1653,55.0569
2186,"F",6.25734837705324,-21.1486,64.2097
2192,"C",14.0824385341389,-112.8597,52.4875
2199,"F",7.66146085309687,-50.9375,66.7542
2202,"F",9.02925415242667,83.5347,32.1292
2203,"F",5.22537788866543,84.0681,30.4292
2228,"T",5.8010588163235,-72.4653,-52.0208
2253,"T",15.1708802455534,-121.1792,41.8792
2262,"C",10.4439689602902,-136.9958,60.4819
2270,"C",12.5431002848072,95.1347,48.4569
2271,"H",26.1341265374633,45.8319,-16.1458
2304,"F",6.73768057652363,84.6458,35.4292
2305,"F",7.04096640101764,83.1153,35.2931
2317,"T",12.7820514911066,12.4681,47.8903
2323,"C",11.8218168625594,-114.6514,56.6514
2326,"C",15.2878823082204,-115.3792,53.6542
2330,"C",14.0157286390233,-99.6958,54.4653
2336,"C",12.0755593232134,16.6931,61.8931
2345,"T",16.1241577448477,-84.7292,44.3403
2351,"C",14.567239136013,-114.7347,60.2597
2358,"C",12.3522573067385,15.9653,58.6208
2364,"W",17.6268329208264,-2.7486,31.5375
2367,"C",13.2636621754065,-96.5819,56.2014
2368,"C",14.4979902809451,-104.1069,54.4208
2395,"H",26.7860900286915,40.4708,10.2014
2415,"F",6.55564070947998,91.8486,35.3347
2418,"C",13.4833705236727,-108.6569,53.5792
2420,"C",13.666389750709,-108.4681,54.4736
2425,"C",14.1647998779271,26.7764,54.8514
2436,"C",13.8421893171826,-105.9792,54.5097
2447,"C",10.3912727693663,-115.3486,58.9458
2473,"C",13.175271644103,16.7097,60.5653
2477,"C",11.8743621126105,-139.7847,62.3653
2497,"C",14.8583610689405,65.7153,59.6847
2511,"F",8.10982766946028,89.7292,33.6486
2516,"T",9.2258541447325,-4.5792,56.0708
2517,"T",10.9046731736916,115.7792,40.3847
2518,"T",6.27781408319574,-72.3514,-51.8875
2559,"H",24.7907168145531,-57.7236,-17.7819
2569,"C",9.05975701435009,88.2097,32.0042
2594,"C",14.0124783285158,-108.4042,53.0708
2595,"C",13.6644096106385,-106.1625,53.9431
2613,"F",6.75458336804916,87.3181,34.5764
2616,"H",19.8709286104796,-81.8097,28.7736
2627,"C",15.5206215239656,71.5431,56.0569
2655,"C",13.9070560907303,-142.7653,63.0875
2663,"C",12.9385635704511,96.6181,49.1653
2682,"C",12.8442314132877,91.9403,49.0986
2696,"C",16.0180394967885,78.6069,52.8736
2709,"C",13.0089814840366,-108.5458,55.0958
2731,"C",14.1250776762049,-110.6847,54.1431
2750,"F",10.5690540392913,145.4125,69.1542
2798,"C",13.0724750283385,15.7153,60.5681
2799,"W",14.7708753666552,-76.4431,35.7681
2803,"T",16.7063427452984,28.9903,45.4264
2812,"W",15.6409294174068,-119.3319,47.0097
2819,"C",6.93178130334111,92.2181,34.8069
2881,"C",8.66784120343168,91.6153,34.3569
2898,"W",17.0379165163175,-89.7375,33.8319
2926,"C",12.6275897425644,112.3014,54.8236
2927,"W",17.5066460833111,15.7597,41.8792
2940,"C",15.8329174207533,66.2847,59.5986
2944,"C",13.5155152367846,-107.1597,52.6986
2946,"C",8.27971059721086,91.5014,31.4819
2955,"C",14.6037331535378,60.5125,55.5181
2978,"T",15.2862925846973,-84.6653,45.4569
2985,"C",15.4751630167079,31.2431,56.2208
3097,"C",15.3081671308325,34.4708,57.5569
3109,"W",13.6866537381614,-3.9181,43.0153
3133,"F",12.855816936371,-123.9153,66.6569
3135,"C",13.3888142737577,-98.5347,55.5653
3188,"C",14.3623697288429,-114.3875,53.7069
3200,"W",18.7246346507818,65.5708,38.3681
3211,"F",4.6941647194402,-50.6292,70.1097
3219,"F",3.7012710885143,-50.3181,65.6153
3231,"C",13.6300223048228,-110.3403,53.9347
3243,"C",12.4229423432542,-106.4514,54.1069
3281,"C",11.9566792893493,14.5486,61.0819
3307,"W",17.402389889623,12.2292,42.1236
3365,"C",12.6444336230825,112.8792,52.2069
3379,"C",14.5288983281855,27.4569,56.3292
3394,"C",8.89034151487303,86.7403,31.5708
3397,"T",15.3264094313989,-77.9208,48.1486
3446,"F",9.30058205711766,-129.9931,69.5986
3476,"T",14.1002165739338,125.8097,43.8431
3478,"W",9.52058123249737,147.1847,-42.0903
3500,"C",16.3163232631602,77.7736,52.3125
3570,"C",13.3477945296523,-95.4403,54.5681
3587,"C",14.0019194888295,-117.7403,56.2347
3614,"H",20.5190834148915,-100.6375,27.5014
4292,"T",16.302775501702,28.0708,45.4847
4503,"T",14.5588309396375,-89.4125,43.1069
5729,"C",12.2916760005232,15.9792,59.9458
6048,"T",15.7006440970298,-97.0958,44.5542
6785,"C",12.5768803883274,18.5764,59.8458
7739,"T",15.2667028779875,-94.8458,47.5208
8089,"T",15.5014696291639,28.7597,44.9236
10161,"T",15.1887738507959,-94.5708,47.3542
100000003,"W",17.5659075287549,19.1542,-34.0042
200000001,"H",15.6852934233685,7.1375,35.6792
300000138,"W",18.2635540523234,67.0792,40.8542
300000140,"W",16.4081515458053,33.5208,38.6236
300000223,"F",8.11998046398542,-122.3875,67.4958
300000250,"F",6.77918679589219,-71.9569,65.4931
300000274,"F",5.98280864283028,-72.2153,64.5708
300000311,"F",9.31142378727388,-108.7458,63.5764
300000328,"F",8.64603041426728,-104.3681,62.8264
300000337,"F",8.91666696290915,-103.4958,62.3792
300000347,"F",10.7647767093375,-102.3347,62.2875
300000349,"F",7.97565432038903,-97.5458,62.1847
300000428,"C",12.7371306712487,-106.5097,59.0931
300000437,"C",12.8501736930669,-98.3042,58.6597
300000525,"C",13.9220419563375,-95.9847,55.1292
300000566,"C",13.5167854151126,-92.9875,54.1625
300000654,"T",14.8920756124402,-89.0958,50.7403
300000704,"T",7.90396229088485,-54.9236,48.9014
300000709,"T",12.8220228627942,-89.5681,48.7125
300000725,"T",15.5545914243956,-119.1569,47.8847
300000727,"T",14.9387952950058,-120.1292,47.8653
300000767,"T",12.6719897944922,-73.6347,43.5431
300000771,"T",11.5674683157649,-119.1292,43.2431
300000772,"T",13.1162741348181,-76.7347,42.7458
300000836,"W",19.3812443148962,-96.1292,31.9625
300000946,"H",23.5473547219139,-49.7042,-21.3347
300000962,"W",19.9425171386662,-49.9875,-29.5708
300001007,"F",1.22279075258893,107.1736,74.5958
300001024,"F",6.62644210978926,69.0125,69.5153
300001038,"F",6.10283362331613,19.7736,68.4653
300001048,"F",8.44303087763912,71.6486,67.9486
300001053,"F",2.48351205013577,172.0903,67.4903
300001063,"F",7.41887631722903,95.1014,66.7153
300001098,"C",8.88800888050614,12.9931,63.8708
300001112,"C",14.007966843778,30.7292,63.0319
300001118,"C",13.2707490220006,33.7875,62.5958
300001127,"C",8.3990402999013,11.7625,62.1069
300001141,"C",13.7035086533556,24.1375,61.2875
300001252,"T",15.5859499066401,124.3792,46.7042
300001256,"T",16.0805685679456,30.5431,46.6542
300001257,"T",15.5121652080094,124.1875,46.5958
300001297,"T",13.9846326529188,127.1736,43.4903
300001323,"T",14.9939209656792,117.5458,40.0375
300001459,"F",6.35360562340697,84.8292,30.1514
300001496,"H",24.7389962366106,79.9375,22.9125
300001497,"H",24.2758967190883,82.6708,22.6208
300001503,"H",26.0938267517478,85.0042,21.3292
300001509,"H",26.5827594500598,78.2958,18.9375
300001694,"W",17.0585048834923,147.0625,-36.1792
300001695,"W",12.3847721850428,148.7264,-36.0958
300001887,"F",1.96720489991073,-113.9486,71.4819
300001914,"F",4.79848672654682,-79.8958,71.0958
300001994,"F",3.89979977447056,-117.4181,70.7764
300002119,"F",4.60922026875512,-94.1208,69.7903
300002123,"F",3.26527374862108,-105.1792,69.7792
300002129,"F",4.13159585981269,-103.8736,69.7181
300002202,"F",8.80490418092883,-124.6542,69.3875
300002332,"F",6.89431341513577,-111.4208,68.6958
300002545,"F",6.56488849742387,-52.4292,67.6069
300002559,"F",4.1867772568834,-102.7097,67.3958
300002685,"F",6.19982619565002,-51.8875,66.9986
300002883,"F",4.76920192487492,-107.2625,66.3042
300002949,"C",12.7472683771058,-123.0542,65.9625
300003024,"F",5.18204681943636,-71.9403,65.6764
300003035,"F",12.0577540302029,-118.6125,65.5625
300003237,"F",9.16870567779201,-108.6542,64.9458
300003273,"F",10.4303851180858,-112.9514,64.8347
300003350,"C",10.668756348643,-116.3153,64.5403
300003430,"F",8.5659962270236,-97.5597,64.3236
300003602,"F",9.01146555259766,-95.3486,63.7708
300003644,"F",9.90502719868785,-109.9542,63.6681
300003701,"F",9.58829570739048,-93.1431,63.4458
300003732,"F",8.47028094325389,-95.3431,63.5764
300003763,"F",10.8430035445535,-110.5708,63.3625
300003809,"F",9.33391116766922,-98.4625,63.1375
300003835,"C",13.4992073144256,-122.2264,62.8903
300003861,"F",10.0980645542645,-96.4625,62.9514
300003890,"C",10.8959255810661,-113.9347,62.9125
300003949,"C",14.4221962475712,-117.9792,62.6514
300004104,"F",6.60618560177083,-95.7403,62.0931
300004112,"F",9.2811794681313,-97.6681,62.0069
300004151,"C",15.2547848421608,-122.7708,61.7292
300004337,"F",11.742690343033,-102.2931,61.2208
300004437,"C",9.22950304346688,-153.8958,60.9458
300004530,"C",9.33199135215537,-131.6625,60.5903
300004657,"C",11.5482375093562,-111.0042,60.2875
300004781,"C",8.71874749734162,-132.8653,59.8708
300004787,"C",13.8082767381262,-123.3042,59.8708
300004793,"C",13.4115672422724,-110.0875,59.9292
300004882,"C",8.79801863481804,-158.7736,59.6736
300004897,"C",11.9630775269559,-108.5958,59.4875
300004974,"C",7.69170590891503,-158.9014,59.3708
300004989,"C",13.4477910031643,-107.2236,59.1431
300005063,"C",12.0374267907932,-114.4708,59.0125
300005336,"C",12.5423845513944,-106.9292,57.9208
300005345,"C",12.1327741277692,-107.1625,57.9208
300005460,"C",11.643148283247,-112.6375,57.4458
300005648,"C",13.7177004769594,-100.2458,56.6431
300005808,"C",14.0008086348812,-98.4125,56.2069
300005829,"C",14.4671221703728,-100.1875,56.1375
300005839,"C",14.0469995474525,-97.2097,56.1014
300005860,"C",13.4220670697688,-107.6792,55.9208
300005889,"C",14.2666948050434,-113.7847,55.9097
300005999,"C",13.2399631311735,-93.2264,55.5681
300006033,"C",14.6451028915087,-106.4625,55.4458
300006162,"C",13.7629054588927,-117.5208,55.1042
300006293,"C",13.0821694845345,-124.3931,54.6847
300006356,"C",12.6469323485092,-124.3514,54.5847
300006407,"C",12.6293238085947,-92.2431,54.5208
300006409,"C",14.2523232906063,-94.9486,54.4819
300006490,"C",14.5194740266317,-102.5458,54.3708
300006584,"C",12.7686430064359,-124.6958,54.0931
300006797,"C",13.5197062416727,-108.8792,53.5875
300006864,"C",11.7686514357416,-77.9708,53.4792
300007084,"C",15.0579962486443,-96.5792,52.7542
300007173,"C",13.911305859981,-92.8847,52.5181
300007237,"C",13.7822264379455,-114.1958,52.3708
300007453,"C",14.9636071772979,-102.6708,51.5542
300007706,"C",9.80582227633482,-60.7458,50.7625
300007752,"T",14.7894703548624,-87.5069,50.5375
300007930,"T",13.8306595328307,-92.2958,50.0208
300007960,"C",13.9221303651317,-78.1597,49.9431
300008088,"T",14.7393102688393,-85.0125,49.4069
300008127,"T",14.2695306967841,-88.8375,49.3125
300008201,"T",12.1454839142351,-56.9875,48.9708
300008212,"T",10.5294162009938,-57.5458,49.1208
300008270,"T",15.4630308528266,-80.9208,48.6458
300008341,"T",12.0791999379217,-56.2125,48.3375
300008388,"T",12.3115559125691,-56.0125,48.1875
300008411,"T",15.7992924900296,-92.8958,48.0625
300008638,"T",15.7649934726681,-95.9792,46.5792
300008713,"T",13.8054033526856,-61.1903,46.1375
300008770,"T",14.5478880579558,-82.2931,45.8181
300008783,"T",15.0990527439606,-96.7375,45.7042
300008819,"T",15.314901663156,-84.5042,45.5292
300008848,"T",15.1894664589491,-85.0958,45.2625
300009100,"T",16.3901778090911,-88.9375,42.8875
300009124,"T",11.8439154933117,-72.3014,42.3597
300009151,"T",16.1387933055713,-80.4875,41.6569
300009172,"W",17.982353106736,-122.6736,40.9764
300009243,"H",20.4631064797154,-122.2625,38.6292
300009360,"H",20.5154575670592,-114.6514,35.4375
300009411,"W",18.016861859791,-95.4125,34.0542
300009430,"W",18.2367832716332,-97.0792,33.3792
300009432,"W",18.3238433842861,-95.6625,33.3208
300009443,"W",18.7247777126263,-96.9625,33.1097
300009460,"W",18.5802361894949,-96.5236,32.8486
300009523,"H",20.3509694242465,-95.5958,30.4125
300009692,"H",25.6075380453677,-98.1292,22.3375
300009739,"H",20.8657298155689,-101.5986,19.6597
300010266,"H",25.4110434758658,-63.8653,-15.8264
300010271,"H",25.5739383431111,-64.2708,-15.8208
300010368,"H",23.0231367118303,-57.3431,-25.3014
300010436,"W",19.8382437164313,-50.2153,-29.8181
300010470,"W",18.1746746330692,-64.4819,-32.2125
300010567,"W",11.7949324557385,-71.1153,-38.9236
300010626,"T",6.76143690340252,-71.4875,-44.9347
300010656,"T",3.45472081847228,-71.5542,-48.4125
300010690,"T",5.97988253569299,-67.7792,-54.3875
300010732,"F",4.03814173785004,104.4542,74.4375
300010784,"F",3.8088606032489,88.8125,72.9625
300010794,"F",4.320910934608,88.3542,72.7431
300010851,"F",8.30108712048628,88.5792,71.7708
300010866,"F",6.89094331351315,149.4542,71.5125
300010885,"F",8.27434217004557,149.6042,71.4625
300010974,"F",7.89768678806014,146.3125,71.0208
300010987,"F",7.80676764134797,147.7875,70.9375
300011120,"F",6.83809279638,70.1042,69.8292
300011169,"F",8.97344057329566,156.0819,69.4597
300011237,"F",7.61146658084944,70.1292,69.1569
300011445,"F",7.9074608781409,71.0958,68.2875
300011663,"F",10.0983570969539,18.4875,67.0542
300011666,"C",12.1888116810839,34.1236,67.0458
300011707,"F",9.49950326932273,85.3292,66.6042
300011781,"F",12.2178165665551,64.0125,66.1125
300011804,"F",12.7707539798637,47.9208,66.0708
300011810,"F",14.1177877256657,46.2292,65.9708
300011834,"C",12.8738054097994,28.4458,65.7958
300011902,"C",7.99991674594759,-19.6708,65.1708
300011916,"C",13.5131779427886,33.4708,65.0375
300011976,"C",9.51470772339173,13.9625,64.5736
300011991,"C",13.2238935249002,34.0375,64.4292
300012019,"C",13.6374451635381,28.0958,64.1653
300012021,"C",13.537782051393,34.3125,64.1569
300012023,"C",13.6523143050286,29.5681,64.2319
300012060,"C",13.2994316096401,35.1597,63.9708
300012093,"C",13.8458928714224,35.4542,63.7625
300012120,"C",7.98563315556475,12.5792,63.6292
300012150,"C",12.3192370069845,32.9819,63.4875
300012163,"C",14.3186356911321,25.4292,63.4042
300012234,"C",13.1756371840575,35.3542,62.8375
300012266,"C",13.6530595200134,25.4681,62.7236
300012284,"C",14.577183342988,34.0542,62.6514
300012287,"F",10.1032305246778,143.6292,62.4542
300012316,"C",12.1872151582546,15.3458,62.4125
300012336,"C",13.942596126991,33.8125,62.3958
300012472,"C",14.4836402198401,32.9875,61.7875
300012482,"C",11.867170897964,16.7292,61.8042
300012491,"C",13.8831673624462,38.0764,61.7347
300012614,"C",13.7391964737886,26.4847,61.0181
300012628,"C",14.2939744487656,26.4292,60.9208
300012654,"C",14.1005131375672,30.1847,60.8014
300012879,"C",11.4376797350176,12.2292,59.3458
300012969,"C",16.2363294834708,42.3681,58.4208
300013003,"T",11.7492006880359,12.4486,57.9097
300013091,"C",15.01156722721,38.7875,56.7625
300013120,"T",11.8435976760464,14.8625,56.4208
300013141,"C",10.3979442792371,161.7986,56.1458
300013156,"T",12.647296661924,14.4042,56.0708
300013161,"C",15.7239208424308,31.2708,56.0653
300013176,"C",15.9286438950771,60.7958,55.9208
300013178,"T",12.6035539148746,13.4625,55.8958
300013182,"T",13.087038075924,13.5542,55.8625
300013186,"C",15.3198831719081,35.0542,55.8875
300013283,"C",16.6402377058374,67.9708,55.1875
300013383,"T",11.4316699727856,10.4542,54.3042
300013431,"T",13.0303333377559,12.8458,53.8042
300013454,"T",12.8153269960959,11.4625,53.7208
300013475,"T",13.1694987169572,12.5792,53.5042
300013521,"C",16.9384522194162,45.3292,53.0125
300013529,"C",15.0097709202503,68.2319,53.0319
300013582,"C",14.5264826583229,68.1792,52.6208
300013597,"C",15.6694664262646,62.2375,52.5125
300013610,"C",14.3680919579292,96.4625,52.3792
300013635,"C",14.298637540714,112.7375,52.1625
300013715,"C",15.7585465176101,74.0292,50.8875
300013746,"T",15.4165910722281,17.1208,50.4625
300013782,"T",14.354982191422,95.1042,50.0819
300013821,"T",16.6031864036609,36.5125,49.5708
300013927,"T",14.4836688566963,26.9792,48.6042
300013943,"C",11.0975020750414,96.1847,48.3431
300013962,"T",13.0577873286591,11.1292,47.9875
300013966,"T",13.0043267880731,11.3069,47.9014
300014249,"T",14.8947948934447,41.7625,45.0625
300014305,"T",17.59612548453,27.6375,44.1542
300014333,"W",14.1805952734626,17.0208,43.6625
300014338,"T",10.5617770846963,144.3458,43.6514
300014360,"T",18.3431568306593,73.9514,43.3597
300014434,"T",13.0667205448117,24.1792,41.9625
300014478,"T",19.0157012252815,23.1375,41.2042
300014495,"T",17.5614821181379,46.1042,40.9542
300014510,"W",18.8514708619742,30.2792,40.7208
300014514,"W",19.379644084613,23.5486,40.6569
300014657,"W",15.5222658584573,42.2958,38.8625
300014682,"W",16.5253273941751,39.4375,38.5014
300014741,"W",17.0491819492792,29.6792,37.5542
300014784,"W",20.9401688048613,35.2903,37.0819
300014787,"C",10.299194551049,100.5625,37.0125
300014802,"W",21.9979249283196,28.6819,36.9375
300014804,"H",19.620489143203,8.3958,36.8458
300014891,"W",15.3358021989161,132.9514,35.4486
300014904,"F",8.99948753079525,99.1792,35.3042
300014941,"W",13.0473671361068,118.8292,34.7875
300014944,"F",7.91041799899923,89.0292,34.7125
300014998,"F",7.68255558572798,83.1542,34.1875
300015002,"F",5.87142147828207,90.2542,34.0958
300015130,"F",10.7154618857162,85.1208,32.1958
300015160,"F",9.54885622127367,83.1625,31.8514
300015169,"C",7.89530878282422,90.7375,31.6625
300015175,"F",9.16773321547086,82.3458,31.6653
300015197,"F",7.8200462132317,87.8764,31.3764
300015245,"F",7.72205077779986,82.2292,30.9958
300015248,"C",8.14846629983296,90.4875,31.0208
300015252,"F",8.93650840035691,87.5375,30.9625
300015257,"C",9.24263390575048,89.8292,30.9292
300015265,"F",9.06605149836442,84.9819,30.7819
300015267,"F",8.90469648941021,84.8125,30.7958
300015276,"T",8.75796261480585,82.1431,30.6347
300015296,"C",7.2681249741163,88.6125,30.4708
300015374,"H",22.9608046773046,30.4792,29.2514
300015380,"H",22.4915593548273,30.4042,29.1875
300015455,"W",18.5483878459777,100.6653,26.5903
300015520,"H",23.5608708768993,87.2875,24.1542
300015606,"H",24.6519341393803,78.0542,21.3125
300015630,"H",25.8042938705715,73.0792,20.1958
300015657,"H",26.7858725500591,95.5958,18.9208
300015672,"H",26.0691200097353,79.1292,18.3708
300015697,"H",27.3005103179491,82.0708,17.3208
300015736,"H",25.9891439939176,74.5042,15.2625
300015761,"H",25.7464410308744,75.5847,13.6931
300015812,"H",26.3825506808994,41.6708,11.4542
300016225,"H",20.259291172912,30.7875,-17.8958
300016238,"H",19.5639193406934,30.2375,-19.0208
300016239,"H",21.2264238995675,46.7875,-19.0708
300016309,"W",19.6945108994464,17.8375,-24.5042
300016372,"H",21.497391005095,32.8375,-26.9792
300016455,"W",19.7465775339374,30.4042,-29.4458
300016597,"W",16.7257804604232,117.6708,-33.3458
300016632,"W",16.1138366613811,145.0875,-36.5514
300016649,"W",14.7515680543888,176.2514,-38.0625
300016665,"W",8.91486736331342,146.9097,-42.0042
300016679,"W",10.3156969373489,169.8486,-44.2014
300016680,"W",11.4644163154342,170.2319,-44.4042
