"lake_id","test_rmse","Model","num"
"exper2_01",1.6746733,"Transfer-PIDL",1
"exper2_02",1.2730618,"Transfer-PIDL",2
"exper2_03",0.71729976,"Transfer-PIDL",3
"exper2_04",1.9167795,"Transfer-PIDL",4
"exper2_05",2.2189293,"Transfer-PIDL",5
"exper2_06",0.8252896,"Transfer-PIDL",6
"exper2_07",0.9158728,"Transfer-PIDL",7
"exper2_08",0.9044272,"Transfer-PIDL",8
"exper2_09",1.1643289,"Transfer-PIDL",9
"exper2_10",0.9961575,"Transfer-PIDL",10
"exper2_11",0.9627281,"Transfer-PIDL",11
"exper2_12",0.6961669,"Transfer-PIDL",12
"exper2_13",0.71588266,"Transfer-PIDL",13
"exper2_14",0.92899036,"Transfer-PIDL",14
"exper2_15",1.4033833,"Transfer-PIDL",15
"exper2_16",0.644981,"Transfer-PIDL",16
"exper2_17",1.0656102,"Transfer-PIDL",17
"exper2_18",2.70413,"Transfer-PIDL",18
"exper2_19",1.3353716,"Transfer-PIDL",19
"exper2_20",1.0422946,"Transfer-PIDL",20
"exper2_22",1.9313781,"Transfer-PIDL",21
"exper2_23",1.3912449,"Transfer-PIDL",22
"exper2_25",1.5705061,"Transfer-PIDL",23
"exper2_27",1.0377471,"Transfer-PIDL",24
"exper2_28",1.6221282,"Transfer-PIDL",25
"exper2_29",1.0210774,"Transfer-PIDL",26
"exper2_30",1.3722042,"Transfer-PIDL",27
"exper2_31",0.9074101,"Transfer-PIDL",28
"exper2_32",1.1992396,"Transfer-PIDL",29
"exper2_34",1.3021717,"Transfer-PIDL",30
"exper2_35",1.1625372,"Transfer-PIDL",31
"exper2_36",0.957536,"Transfer-PIDL",32
"exper2_37",0.96751666,"Transfer-PIDL",33
"exper2_38",0.9483436,"Transfer-PIDL",34
"exper2_39",0.8525646,"Transfer-PIDL",35
"exper2_40",2.4157407,"Transfer-PIDL",36
"exper2_41",1.486344,"Transfer-PIDL",37
"exper2_42",1.5117121,"Transfer-PIDL",38
"exper2_43",1.071978,"Transfer-PIDL",39
"exper2_44",0.95946646,"Transfer-PIDL",40
"exper2_45",0.82873577,"Transfer-PIDL",41
"exper2_46",1.0542665,"Transfer-PIDL",42
"exper2_47",1.210903,"Transfer-PIDL",43
"exper2_01",1.9171937,"PIDL",1
"exper2_02",1.9295379,"PIDL",2
"exper2_03",0.75511414,"PIDL",3
"exper2_04",2.3402126,"PIDL",4
"exper2_05",1.8604276,"PIDL",5
"exper2_06",0.72258943,"PIDL",6
"exper2_07",0.8145036,"PIDL",7
"exper2_08",1.0718291,"PIDL",8
"exper2_09",1.5973929,"PIDL",9
"exper2_10",1.3077371,"PIDL",10
"exper2_11",1.3634063,"PIDL",11
"exper2_12",1.0632764,"PIDL",12
"exper2_13",0.75515604,"PIDL",13
"exper2_14",0.86493677,"PIDL",14
"exper2_15",1.6891406,"PIDL",15
"exper2_16",0.8524675,"PIDL",16
"exper2_17",1.8740684,"PIDL",17
"exper2_18",2.7832127,"PIDL",18
"exper2_19",1.1780481,"PIDL",19
"exper2_20",1.0791432,"PIDL",20
"exper2_22",2.0893567,"PIDL",21
"exper2_23",1.7092837,"PIDL",22
"exper2_25",1.8175515,"PIDL",23
"exper2_27",1.5477864,"PIDL",24
"exper2_28",2.00211,"PIDL",25
"exper2_29",3.0075383,"PIDL",26
"exper2_30",2.2412283,"PIDL",27
"exper2_31",1.6503496,"PIDL",28
"exper2_32",1.5354724,"PIDL",29
"exper2_34",1.4469914,"PIDL",30
"exper2_35",1.559665,"PIDL",31
"exper2_36",1.6797203,"PIDL",32
"exper2_37",1.2703199,"PIDL",33
"exper2_38",1.9213592,"PIDL",34
"exper2_39",1.4390247,"PIDL",35
"exper2_40",2.3360467,"PIDL",36
"exper2_41",3.1085312,"PIDL",37
"exper2_42",3.233471,"PIDL",38
"exper2_43",1.7114677,"PIDL",39
"exper2_44",0.9827024,"PIDL",40
"exper2_45",0.87437993,"PIDL",41
"exper2_46",1.3092983,"PIDL",42
"exper2_47",1.2088215,"PIDL",43
"exper2_01",1.4078084,"DL",1
"exper2_02",2.9734547,"DL",2
"exper2_03",1.2692971,"DL",3
"exper2_04",2.5373595,"DL",4
"exper2_05",1.9348987,"DL",5
"exper2_06",1.3042293,"DL",6
"exper2_07",1.3964189,"DL",7
"exper2_08",1.766276,"DL",8
"exper2_09",1.5730742,"DL",9
"exper2_10",1.6658177,"DL",10
"exper2_11",1.6503046,"DL",11
"exper2_12",1.2170643,"DL",12
"exper2_13",1.2553064,"DL",13
"exper2_14",1.351496,"DL",14
"exper2_15",2.3702939,"DL",15
"exper2_16",0.8182755,"DL",16
"exper2_17",2.0244868,"DL",17
"exper2_18",2.8955083,"DL",18
"exper2_19",1.3430866,"DL",19
"exper2_20",1.4034089,"DL",20
"exper2_22",2.1777143,"DL",21
"exper2_23",1.7317293,"DL",22
"exper2_25",2.5763159,"DL",23
"exper2_27",1.7946161,"DL",24
"exper2_28",2.735849,"DL",25
"exper2_29",3.7840447,"DL",26
"exper2_30",1.9543418,"DL",27
"exper2_31",1.5389988,"DL",28
"exper2_32",1.6434603,"DL",29
"exper2_34",1.3977352,"DL",30
"exper2_35",1.7635057,"DL",31
"exper2_36",1.8385688,"DL",32
"exper2_37",1.635127,"DL",33
"exper2_38",2.150221,"DL",34
"exper2_39",1.7761278,"DL",35
"exper2_40",2.6747518,"DL",36
"exper2_41",2.1930559,"DL",37
"exper2_42",2.1608028,"DL",38
"exper2_43",1.402762,"DL",39
"exper2_44",1.2861066,"DL",40
"exper2_45",1.0398394,"DL",41
"exper2_46",1.3235021,"DL",42
"exper2_47",1.4892527,"DL",43
"exper2_01",2.31210419877546,"PB",1
"exper2_02",1.66236317583092,"PB",2
"exper2_03",1.31899461839889,"PB",3
"exper2_04",2.41784575765765,"PB",4
"exper2_05",2.92957660997401,"PB",5
"exper2_06",2.71776132479121,"PB",6
"exper2_07",1.03130931448758,"PB",7
"exper2_08",0.779194822978703,"PB",8
"exper2_09",1.16608890023614,"PB",9
"exper2_10",2.07751194643166,"PB",10
"exper2_11",1.3955569215419,"PB",11
"exper2_12",1.51737575279023,"PB",12
"exper2_13",1.04879437359039,"PB",13
"exper2_14",1.67364336945712,"PB",14
"exper2_15",2.00586855390005,"PB",15
"exper2_16",2.11431945242424,"PB",16
"exper2_17",2.5782467900031,"PB",17
"exper2_18",2.2653722536493,"PB",18
"exper2_19",2.85096558469341,"PB",19
"exper2_20",2.03525042136344,"PB",20
"exper2_22",2.67805949683503,"PB",21
"exper2_23",1.32715316378859,"PB",22
"exper2_25",2.19105749568636,"PB",23
"exper2_27",1.38091008456165,"PB",24
"exper2_28",1.43167895502205,"PB",25
"exper2_29",7.37972987921739,"PB",26
"exper2_30",1.51569231090032,"PB",27
"exper2_31",1.93291525957059,"PB",28
"exper2_32",1.53836540532722,"PB",29
"exper2_34",1.65079467525803,"PB",30
"exper2_35",1.32180900918756,"PB",31
"exper2_36",1.58430600200984,"PB",32
"exper2_37",1.59901144198373,"PB",33
"exper2_38",1.23873281772472,"PB",34
"exper2_39",0.80182176431303,"PB",35
"exper2_40",2.36698514783657,"PB",36
"exper2_41",1.10867158081688,"PB",37
"exper2_42",3.19517061230646,"PB",38
"exper2_43",1.78090052513451,"PB",39
"exper2_44",2.1059996840755,"PB",40
"exper2_45",0.991705393332376,"PB",41
"exper2_46",1.01595945530528,"PB",42
"exper2_47",1.7085479840919,"PB",43
"exper2_01",3.55730684858087,"ERA5-Land",1
"exper2_02",2.38026443416292,"ERA5-Land",2
"exper2_03",3.42626769400906,"ERA5-Land",3
"exper2_04",2.47209074315664,"ERA5-Land",4
"exper2_05",4.34790996990948,"ERA5-Land",5
"exper2_06",2.35018499004435,"ERA5-Land",6
"exper2_07",2.32915129485875,"ERA5-Land",7
"exper2_08",1.64508443266504,"ERA5-Land",8
"exper2_09",2.11390523064842,"ERA5-Land",9
"exper2_10",4.20393915843035,"ERA5-Land",10
"exper2_11",3.88129548560297,"ERA5-Land",11
"exper2_12",2.65394766873523,"ERA5-Land",12
"exper2_13",2.85285956747266,"ERA5-Land",13
"exper2_14",1.4162459459184,"ERA5-Land",14
"exper2_15",2.14063316901884,"ERA5-Land",15
"exper2_16",2.60023763076545,"ERA5-Land",16
"exper2_17",4.25078304575863,"ERA5-Land",17
"exper2_18",4.91134783154228,"ERA5-Land",18
"exper2_19",2.57855616474668,"ERA5-Land",19
"exper2_20",4.41121098412203,"ERA5-Land",20
"exper2_22",2.99542283892086,"ERA5-Land",21
"exper2_23",3.39536188039921,"ERA5-Land",22
"exper2_25",3.60761230886327,"ERA5-Land",23
"exper2_27",4.43856210752152,"ERA5-Land",24
"exper2_28",3.011317573389,"ERA5-Land",25
"exper2_29",3.81939938421595,"ERA5-Land",26
"exper2_30",3.30751359081294,"ERA5-Land",27
"exper2_31",3.15875216785735,"ERA5-Land",28
"exper2_32",2.54218435689441,"ERA5-Land",29
"exper2_34",4.31534395335822,"ERA5-Land",30
"exper2_35",3.88713780145071,"ERA5-Land",31
"exper2_36",3.49878872739428,"ERA5-Land",32
"exper2_37",1.23414352799074,"ERA5-Land",33
"exper2_38",4.33637846464416,"ERA5-Land",34
"exper2_39",2.42803931115433,"ERA5-Land",35
"exper2_40",3.07067648639098,"ERA5-Land",36
"exper2_41",2.5312528062898,"ERA5-Land",37
"exper2_42",2.0791479996763,"ERA5-Land",38
"exper2_43",1.83427660055154,"ERA5-Land",39
"exper2_44",1.81086103863266,"ERA5-Land",40
"exper2_45",2.27248742772841,"ERA5-Land",41
"exper2_46",4.00058099401178,"ERA5-Land",42
"exper2_47",2.46392061242269,"ERA5-Land",43
